0.305928,0.034006
0.301264,0.0676678
0.293574,0.100651
0.282981,0.132639
0.269646,0.163344
0.253766,0.192509
0.235562,0.219913
0.215277,0.245376
0.193159,0.268753
0.169464,0.289939
0.144444,0.308862
0.118345,0.325481
0.0914011,0.339782
0.0638349,0.351776
0.035854,0.361492
0.00765034,0.368978
-0.0205997,0.374291
-0.0487352,0.377502
-0.0766102,0.378686
-0.104093,0.377928
-0.131066,0.375312
-0.157422,0.370928
-0.183066,0.364866
-0.207915,0.357217
-0.231892,0.348069
-0.254933,0.337514
-0.276976,0.325637
-0.297971,0.312527
-0.31787,0.298268
-0.336634,0.282942
-0.354226,0.266632
-0.370616,0.249416
-0.385775,0.231371
-0.39968,0.212574
-0.41231,0.193098
-0.423647,0.173017
-0.433675,0.152401
-0.442382,0.131321
-0.449757,0.109844
-0.45579,0.0880407
-0.460475,0.0659763
-0.463805,0.0437178
-0.465778,0.0213313
-0.466391,-0.00111745
-0.465642,-0.023563
-0.463535,-0.0459397
-0.460069,-0.0681818
-0.45525,-0.0902232
-0.449083,-0.111997
-0.441576,-0.133437
-0.432737,-0.154475
-0.422578,-0.17504
-0.411112,-0.195065
-0.398354,-0.214476
-0.384323,-0.233202
-0.369041,-0.251167
-0.35253,-0.268297
-0.33482,-0.284513
-0.315942,-0.299736
-0.295931,-0.313885
-0.27483,-0.326876
-0.252685,-0.338625
-0.229549,-0.349045
-0.205482,-0.358047
-0.180551,-0.365543
-0.154832,-0.371442
-0.12841,-0.375654
-0.101382,-0.378089
-0.0738546,-0.378658
-0.0459476,-0.377276
-0.0177941,-0.373859
0.0104587,-0.368333
0.0386483,-0.360628
0.0665968,-0.350687
0.0941105,-0.338465
0.120981,-0.323934
0.146983,-0.307085
0.171883,-0.287935
0.195432,-0.266528
0.217379,-0.242938
0.237469,-0.217275
0.255451,-0.189687
0.271088,-0.160358
0.284159,-0.129514
0.29447,-0.0974134
0.301864,-0.0643486
0.306223,-0.0306375
0.307476,0.00338399
0.305602,0.0373711
0.300633,0.0709801
0.292649,0.103878
0.281775,0.135751
0.268178,0.166314
0.252057,0.195313
0.233636,0.222532
0.213156,0.247793
0.190871,0.270957
0.167033,0.291921
0.141895,0.310616
0.115701,0.327005
0.0886853,0.341075
0.0610687,0.352841
0.0330572,0.362334
0.0048412,0.369601
-0.0234045,0.374702
-0.0515205,0.377707
-0.0793623,0.378695
-0.1068,0.377748
-0.133716,0.374952
-0.160005,0.370398
-0.185574,0.364174
-0.210339,0.356371
-0.234227,0.347079
-0.25717,0.336388
-0.279112,0.324385
-0.299999,0.311157
-0.319788,0.296788
-0.338437,0.281361
-0.355911,0.264957
-0.372179,0.247654
-0.387214,0.229532
-0.400994,0.210664
-0.413496,0.191124
-0.424703,0.170987
-0.434601,0.150321
-0.443175,0.129198
-0.450417,0.107687
-0.456316,0.0858538
-0.460866,0.0637671
-0.464062,0.0414929
-0.465899,0.0190972
-0.466376,-0.00335421
-0.465493,-0.0257958
-0.46325,-0.0481621
-0.459649,-0.0703872
-0.454696,-0.0924051
-0.448395,-0.114149
-0.440755,-0.135552
-0.431784,-0.156545
-0.421494,-0.17706
-0.409899,-0.197027
-0.397013,-0.216373
-0.382857,-0.235027
-0.367451,-0.252912
-0.35082,-0.269955
-0.332992,-0.286076
-0.313999,-0.301195
-0.293878,-0.315233
-0.272671,-0.328104
-0.250425,-0.339724
-0.227194,-0.350007
-0.203037,-0.358863
-0.178024,-0.366204
-0.152231,-0.371939
-0.125745,-0.375979
-0.0986622,-0.378232
-0.0710915,-0.37861
-0.0431539,-0.377029
-0.0149836,-0.373406
0.0132703,-0.367666
0.041444,-0.359741
0.0693581,-0.349574
0.0968173,-0.337123
0.123611,-0.322361
0.149515,-0.305283
0.174291,-0.285906
0.197692,-0.264277
0.219466,-0.240475
0.239357,-0.214614
0.257116,-0.186844
0.272507,-0.157354
0.285311,-0.126372
0.295339,-0.0941622
0.302435,-0.0610186
0.306487,-0.0272613
0.307429,0.00677229
0.305245,0.0407371
0.299972,0.07429
0.291694,0.1071
0.280541,0.138855
0.266683,0.169273
0.250323,0.198104
0.231686,0.225135
0.211015,0.250194
0.188563,0.273143
0.164585,0.293883
0.139331,0.31235
0.113045,0.328508
0.0859597,0.342348
0.0582948,0.353886
0.0302545,0.363155
0.00202789,0.370203
-0.0262119,0.375092
-0.0543069,0.377893
-0.0821142,0.378684
-0.109505,0.377549
-0.136363,0.374575
-0.162585,0.369849
-0.188077,0.363464
-0.212758,0.355509
-0.236555,0.346074
-0.259401,0.335248
-0.28124,0.32312
-0.30202,0.309774
-0.321697,0.295296
-0.34023,0.279768
-0.357585,0.26327
-0.373732,0.245883
-0.388643,0.227682
-0.402296,0.208744
-0.41467,0.189142
-0.425747,0.168948
-0.435514,0.148234
-0.443956,0.127069
-0.451064,0.105523
-0.456829,0.0836614
-0.461245,0.061553
-0.464305,0.0392637
-0.466007,0.0168595
-0.466349,-0.00559394
-0.465329,-0.028031
-0.462951,-0.0503862
-0.459216,-0.0725937
-0.454128,-0.0945872
-0.447693,-0.1163
-0.439919,-0.137665
-0.430817,-0.158614
-0.420396,-0.179078
-0.408671,-0.198986
-0.395658,-0.218266
-0.381376,-0.236846
-0.365847,-0.254652
-0.349095,-0.271605
-0.33115,-0.28763
-0.312043,-0.302646
-0.291812,-0.31657
-0.270499,-0.329321
-0.248152,-0.340812
-0.224826,-0.350956
-0.200581,-0.359665
-0.175486,-0.36685
-0.14962,-0.372421
-0.12307,-0.376286
-0.0959338,-0.378356
-0.068321,-0.378543
-0.0403539,-0.376762
-0.0121686,-0.372931
0.0160849,-0.366976
0.044241,-0.35883
0.0721187,-0.348437
0.0995212,-0.335757
0.126237,-0.320764
0.152039,-0.303455
0.176689,-0.283851
0.199939,-0.262002
0.221536,-0.237989
0.241226,-0.21193
0.25876,-0.18398
0.273902,-0.15433
0.286438,-0.123214
0.29618,-0.0908973
0.302977,-0.0576778
0.306721,-0.0238777
0.307351,0.0101646
0.304857,0.0441036
0.29928,0.077597
0.290709,0.110315
0.279278,0.141949
0.265161,0.17222
0.248563,0.20088
0.229713,0.227723
0.208853,0.252576
0.186238,0.275309
0.162121,0.295825
0.136753,0.314063
0.110377,0.32999
0.0832247,0.3436
0.0555133,0.35491
0.0274462,0.363955
-0.000789403,0.370785
-0.0290217,0.375462
-0.0570943,0.378059
-0.0848657,0.378655
-0.112208,0.377332
-0.139007,0.374179
-0.165161,0.369284
-0.190576,0.362738
-0.215172,0.354631
-0.238877,0.345054
-0.261625,0.334094
-0.28336,0.32184
-0.304032,0.308377
-0.323597,0.293791
-0.342014,0.278162
-0.35925,0.261573
-0.375275,0.2441
-0.390062,0.225823
-0.403588,0.206815
-0.415833,0.187151
-0.42678,0.166902
-0.436415,0.14614
-0.444725,0.124934
-0.451699,0.103352
-0.45733,0.0814635
-0.46161,0.059334
-0.464535,0.0370303
-0.466101,0.0146182
-0.466307,-0.00783658
-0.465152,-0.0302685
-0.462638,-0.0526119
-0.458768,-0.074801
-0.453545,-0.0967696
-0.446976,-0.118451
-0.43907,-0.139778
-0.429835,-0.160681
-0.419283,-0.181092
-0.407429,-0.200941
-0.394289,-0.220155
-0.379881,-0.238661
-0.364229,-0.256385
-0.347357,-0.273249
-0.329294,-0.289177
-0.310073,-0.304087
-0.289732,-0.317898
-0.268314,-0.330527
-0.245867,-0.341887
-0.222446,-0.351892
-0.198113,-0.360454
-0.172938,-0.367481
-0.146999,-0.372885
-0.120386,-0.376575
-0.0931969,-0.378461
-0.0655431,-0.378456
-0.037548,-0.376473
-0.00934893,-0.372434
0.0189024,-0.366263
0.047039,-0.357895
0.0748783,-0.347276
0.102222,-0.334366
0.128856,-0.319141
0.154554,-0.301602
0.179076,-0.281771
0.202173,-0.259702
0.223591,-0.235479
0.243077,-0.209224
0.260382,-0.181095
0.275274,-0.151288
0.287538,-0.12004
0.296992,-0.0876189
0.303489,-0.0543267
0.306924,-0.0204871
0.307243,0.0135604
0.304438,0.0474703
0.298557,0.0809008
0.289694,0.113524
0.277987,0.145034
0.263613,0.175155
0.246779,0.203643
0.227717,0.230293
0.206671,0.254941
0.183894,0.277456
0.159641,0.297747
0.134162,0.315755
0.107698,0.331451
0.0804803,0.34483
0.0527245,0.355912
0.0246323,0.364733
-0.00361053,0.371346
-0.0318337,0.375812
-0.0598825,0.378206
-0.0876168,0.378606
-0.11491,0.377096
-0.141649,0.373765
-0.167733,0.368702
-0.19307,0.361996
-0.21758,0.353738
-0.241192,0.344018
-0.263842,0.332925
-0.285473,0.320547
-0.306037,0.306968
-0.325488,0.292273
-0.343789,0.276545
-0.360905,0.259864
-0.376808,0.242308
-0.39147,0.223954
-0.404868,0.204877
-0.416985,0.185151
-0.427802,0.164848
-0.437305,0.144038
-0.445481,0.122791
-0.452322,0.101176
-0.457818,0.0792602
-0.461963,0.0571103
-0.464752,0.0347927
-0.466182,0.0123734
-0.466252,-0.0100821
-0.464961,-0.0325081
-0.462312,-0.0548391
-0.458306,-0.0770091
-0.452948,-0.098952
-0.446245,-0.120601
-0.438206,-0.141888
-0.428838,-0.162746
-0.418156,-0.183104
-0.406173,-0.202892
-0.392905,-0.222039
-0.378372,-0.24047
-0.362596,-0.258111
-0.345604,-0.274886
-0.327423,-0.290715
-0.308089,-0.30552
-0.287638,-0.319216
-0.266115,-0.331722
-0.243568,-0.342951
-0.220053,-0.352816
-0.195633,-0.361228
-0.170378,-0.368097
-0.144368,-0.373334
-0.117692,-0.376847
-0.0904517,-0.378548
-0.0627581,-0.378349
-0.0347363,-0.376164
-0.00652494,-0.371915
0.0217226,-0.365527
0.0498379,-0.356937
0.0776367,-0.34609
0.104919,-0.332949
0.131471,-0.317493
0.157062,-0.299724
0.181452,-0.279667
0.204393,-0.257378
0.225629,-0.232946
0.244908,-0.206496
0.261982,-0.178189
0.276621,-0.148227
0.288612,-0.116849
0.297777,-0.0843273
0.303971,-0.0509655
0.307097,-0.0170897
0.307102,0.0169596
0.303988,0.0508367
0.297804,0.0842011
0.288649,0.116727
0.276667,0.14811
0.262038,0.178077
0.244971,0.20639
0.225699,0.232848
0.204468,0.257287
0.181533,0.279584
0.157146,0.299649
0.131558,0.317427
0.105008,0.332891
0.0777269,0.346039
0.0499285,0.356893
0.021813,0.365491
-0.00643533,0.371886
-0.0346479,0.376142
-0.0626714,0.378333
-0.0903672,0.378538
-0.11761,0.376842
-0.144288,0.373334
-0.170301,0.368102
-0.195559,0.361236
-0.219983,0.352828
-0.243501,0.342967
-0.266051,0.331742
-0.287578,0.319239
-0.308032,0.305545
-0.327371,0.290744
-0.345554,0.274916
-0.362551,0.258144
-0.37833,0.240505
-0.392867,0.222075
-0.406138,0.20293
-0.418125,0.183143
-0.428811,0.162786
-0.438182,0.141929
-0.446225,0.120642
-0.452932,0.098994
-0.458293,0.0770516
-0.462302,0.0548819
-0.464956,0.0325511
-0.46625,0.0101252
-0.466184,-0.0123303
-0.464757,-0.0347498
-0.461971,-0.0570677
-0.457829,-0.079218
-0.452337,-0.101135
-0.4455,-0.12275
-0.437327,-0.143998
-0.427827,-0.164809
-0.417014,-0.185113
-0.404901,-0.20484
-0.391506,-0.223918
-0.376848,-0.242274
-0.360949,-0.259832
-0.343836,-0.276515
-0.325539,-0.292246
-0.306091,-0.306943
-0.285531,-0.320524
-0.263903,-0.332906
-0.241256,-0.344002
-0.217648,-0.353725
-0.193141,-0.361987
-0.167806,-0.368697
-0.141726,-0.373765
-0.114989,-0.377102
-0.0876981,-0.378616
-0.0599659,-0.378222
-0.0319187,-0.375834
-0.00369673,-0.371374
0.0245454,-0.364769
0.0526375,-0.355954
0.0803938,-0.34488
0.107613,-0.331508
0.134079,-0.31582
0.159561,-0.29782
0.183817,-0.277536
0.206599,-0.255029
0.227651,-0.230389
0.24672,-0.203745
0.26356,-0.175263
0.277943,-0.145148
0.289659,-0.113643
0.298532,-0.0810228
0.304423,-0.0475946
0.307238,-0.013686
0.306931,0.0203616
0.303506,0.0542027
0.297019,0.0874975
0.287575,0.119922
0.275319,0.151175
0.260436,0.180987
0.243138,0.209123
0.223658,0.235385
0.202246,0.259615
0.179153,0.281692
0.154635,0.301531
0.12894,0.319078
0.102307,0.334309
0.0749644,0.347227
0.0471255,0.357853
0.0189886,0.366228
-0.00926364,0.372406
-0.0374641,0.376451
-0.0654609,0.37844
-0.0931168,0.378451
-0.120308,0.37657
-0.146924,0.372884
-0.172865,0.367485
-0.198043,0.360461
-0.222379,0.351903
-0.245804,0.341901
-0.268254,0.330544
-0.289675,0.317918
-0.31002,0.304109
-0.329244,0.289201
-0.34731,0.273276
-0.364186,0.256413
-0.379842,0.238691
-0.394253,0.220186
-0.407396,0.200973
-0.419254,0.181126
-0.429809,0.160716
-0.439047,0.139813
-0.446957,0.118487
-0.453529,0.0968059
-0.458755,0.0748376
-0.462629,0.0526488
-0.465146,0.0303055
-0.466304,0.00787358
-0.466101,-0.0145813
-0.464538,-0.0369936
-0.461616,-0.0592976
-0.457339,-0.0814276
-0.451712,-0.103317
-0.44474,-0.124899
-0.436434,-0.146106
-0.426802,-0.166869
-0.415858,-0.187119
-0.403616,-0.206784
-0.390093,-0.225793
-0.375309,-0.244072
-0.359288,-0.261546
-0.342055,-0.278137
-0.32364,-0.293768
-0.304079,-0.308357
-0.28341,-0.321822
-0.261678,-0.334078
-0.238932,-0.345041
-0.215231,-0.354622
-0.190637,-0.362732
-0.165224,-0.369282
-0.139074,-0.37418
-0.112277,-0.377338
-0.0849364,-0.378665
-0.0571668,-0.378075
-0.0290956,-0.375483
-0.000864461,-0.370811
0.0273704,-0.363987
0.0554374,-0.354948
0.0831492,-0.343645
0.110303,-0.330041
0.13668,-0.314121
0.162051,-0.29589
0.186171,-0.275381
0.20879,-0.252655
0.229655,-0.227808
0.248511,-0.200972
0.265116,-0.172316
0.27924,-0.142051
0.290679,-0.110421
0.299259,-0.0777057
0.304845,-0.0442143
0.307348,-0.0102762
0.306727,0.0237663
0.302993,0.0575677
0.296204,0.0907896
0.286471,0.12311
0.273943,0.15423
0.258808,0.183885
0.24128,0.211841
0.221596,0.237906
0.200003,0.261925
0.176756,0.283781
0.152109,0.303392
0.126309,0.320707
0.0995951,0.335707
0.0721933,0.348394
0.0443157,0.358792
0.0161591,0.366944
-0.0120953,0.372905
-0.040282,0.376741
-0.0682507,0.378527
-0.0958655,0.378344
-0.123004,0.376278
-0.149557,0.372417
-0.175425,0.36685
-0.200522,0.359669
-0.22477,0.350962
-0.248099,0.340821
-0.270449,0.329332
-0.291765,0.316584
-0.311999,0.302661
-0.331108,0.287647
-0.349057,0.271624
-0.365811,0.254671
-0.381344,0.236867
-0.395628,0.218288
-0.408644,0.199008
-0.420371,0.179101
-0.430795,0.158638
-0.4399,0.137689
-0.447676,0.116325
-0.454113,0.0946119
-0.459204,0.0726184
-0.462942,0.0504111
-0.465323,0.0280559
-0.466344,0.00561869
-0.466005,-0.0168349
-0.464305,-0.0392393
-0.461247,-0.0615289
-0.456834,-0.0836377
-0.451072,-0.105499
-0.443966,-0.127047
-0.435526,-0.148212
-0.425762,-0.168927
-0.414687,-0.189121
-0.402315,-0.208724
-0.388665,-0.227663
-0.373756,-0.245865
-0.357612,-0.263254
-0.340259,-0.279752
-0.321728,-0.295282
-0.302053,-0.309761
-0.281276,-0.323109
-0.259439,-0.33524
-0.236595,-0.346067
-0.212801,-0.355505
-0.188122,-0.363462
-0.162631,-0.36985
-0.136412,-0.374578
-0.109556,-0.377556
-0.0821666,-0.378695
-0.0543608,-0.377907
-0.0262671,-0.37511
0.0019717,-0.370225
0.0301977,-0.363182
0.0582377,-0.353918
0.0859027,-0.342385
0.112988,-0.328549
0.139276,-0.312397
0.164531,-0.293935
0.188512,-0.2732
0.210967,-0.250256
0.231641,-0.225203
0.250283,-0.198176
0.266649,-0.16935
0.280512,-0.138935
0.291671,-0.107183
0.299956,-0.0743762
0.305236,-0.0408248
0.307427,-0.0068607
0.306493,0.0271731
0.302448,0.0609315
0.295358,0.0940771
0.285337,0.12629
0.272539,0.157275
0.257153,0.186769
0.239398,0.214543
0.219511,0.24041
0.197741,0.264216
0.174342,0.28585
0.149568,0.305232
0.123666,0.322316
0.0968725,0.337083
0.0694135,0.349539
0.0414992,0.35971
0.0133248,0.367639
-0.0149301,0.373383
-0.0431016,0.37701
-0.0710408,0.378595
-0.0986132,0.378219
-0.125698,0.375969
-0.152186,0.371932
-0.177981,0.366199
-0.202996,0.35886
-0.227155,0.350005
-0.250389,0.339724
-0.272637,0.328105
-0.293846,0.315235
-0.313969,0.301199
-0.332964,0.28608
-0.350794,0.26996
-0.367427,0.252918
-0.382835,0.235033
-0.396993,0.21638
-0.40988,0.197034
-0.421477,0.177067
-0.431768,0.156552
-0.440741,0.135559
-0.448383,0.114156
-0.454685,0.092412
-0.45964,0.0703941
-0.463242,0.0481688
-0.465486,0.0258024
-0.466371,0.00336056
-0.465895,-0.0190911
-0.464059,-0.0414869
-0.460864,-0.0637614
-0.456315,-0.0858483
-0.450417,-0.107681
-0.443177,-0.129193
-0.434604,-0.150317
-0.424707,-0.170982
-0.413501,-0.19112
-0.401,-0.21066
-0.387222,-0.229528
-0.372188,-0.247652
-0.355921,-0.264954
-0.338448,-0.281359
-0.319801,-0.296787
-0.300014,-0.311157
-0.279127,-0.324386
-0.257187,-0.336389
-0.234245,-0.347081
-0.210359,-0.356374
-0.185595,-0.364178
-0.160028,-0.370403
-0.13374,-0.374959
-0.106825,-0.377756
-0.0793889,-0.378705
-0.0515482,-0.377719
-0.0234332,-0.374716
0.00481158,-0.369617
0.0330269,-0.362353
0.0610379,-0.352863
0.0886542,-0.3411
0.11567,-0.327032
0.141864,-0.310647
0.167003,-0.291955
0.190842,-0.270994
0.213129,-0.247834
0.23361,-0.222575
0.252034,-0.195359
0.268158,-0.166363
0.281758,-0.135802
0.292636,-0.103931
0.300624,-0.0710347
0.305597,-0.0374266
0.307475,-0.00343987
0.306226,0.0305818
0.301872,0.0642937
0.294482,0.0973597
0.284174,0.129462
0.271106,0.160309
0.255473,0.189639
0.237492,0.21723
0.217404,0.242896
0.195459,0.266489
0.171911,0.287899
0.147012,0.307052
0.12101,0.323903
0.0941395,0.338437
0.0666254,0.350662
0.0386763,0.360605
0.0104858,0.368312
-0.017768,0.373841
-0.0459227,0.377258
-0.0738309,0.378642
-0.10136,0.378074
-0.128389,0.375641
-0.154812,0.371429
-0.180532,0.365531
-0.205465,0.358035
-0.229534,0.349033
-0.252671,0.338613
-0.274817,0.326865
-0.295919,0.313873
-0.31593,0.299724
-0.334809,0.284501
-0.352521,0.268285
-0.369032,0.251154
-0.384315,0.233188
-0.398346,0.214462
-0.411104,0.19505
-0.422571,0.175026
-0.43273,0.154459
-0.441569,0.133421
-0.449077,0.111981
-0.455244,0.0902064
-0.460063,0.0681646
-0.463528,0.0459221
-0.465636,0.0235451
-0.466384,0.00109926
-0.465771,-0.0213498
-0.463798,-0.0437364
-0.460467,-0.065995
-0.455782,-0.0880594
-0.449749,-0.109863
-0.442374,-0.131339
-0.433667,-0.15242
-0.423638,-0.173035
-0.412301,-0.193116
-0.39967,-0.212592
-0.385765,-0.231388
-0.370606,-0.249433
-0.354216,-0.266648
-0.336624,-0.282958
-0.31786,-0.298283
-0.29796,-0.312542
-0.276966,-0.325652
-0.254923,-0.337527
-0.231883,-0.348082
-0.207905,-0.357229
-0.183057,-0.364878
-0.157413,-0.370939
-0.131057,-0.375323
-0.104086,-0.377938
-0.0766033,-0.378696
-0.0487289,-0.377511
-0.0205942,-0.3743
0.00765502,-0.368986
0.0358578,-0.3615
0.063838,-0.351784
0.0914033,-0.33979
0.118346,-0.325489
0.144445,-0.308871
0.169464,-0.289949
0.193159,-0.268763
0.215276,-0.245386
0.235561,-0.219924
0.253764,-0.19252
0.269644,-0.163356
0.282979,-0.132652
0.293573,-0.100664
0.301262,-0.0676814
0.305927,-0.0340199
0.307491,-1.40382e-05
0.305928,0.033992
0.301264,0.0676538
0.293574,0.100637
0.282981,0.132626
0.269646,0.163331
0.253766,0.192496
0.235562,0.219901
0.215276,0.245364
0.193158,0.268742
0.169462,0.289928
0.144442,0.308851
0.118341,0.32547
0.0913963,0.33977
0.0638291,0.351764
0.035847,0.36148
0.00764233,0.368965
-0.0206087,0.374277
-0.0487451,0.377487
-0.0766211,0.378671
-0.104105,0.377911
-0.131078,0.375294
-0.157434,0.370909
-0.183079,0.364845
-0.207928,0.357194
-0.231906,0.348045
-0.254946,0.337487
-0.27699,0.32561
-0.297984,0.312498
-0.317883,0.298237
-0.336646,0.28291
-0.354238,0.266598
-0.370626,0.24938
-0.385785,0.231334
-0.399689,0.212535
-0.412317,0.193058
-0.423653,0.172975
-0.43368,0.152358
-0.442385,0.131277
-0.449758,0.1098
-0.45579,0.0879951
-0.460473,0.06593
-0.463801,0.0436709
-0.465772,0.021284
-0.466383,-0.00116514
-0.465633,-0.0236109
-0.463523,-0.0459876
-0.460055,-0.0682296
-0.455234,-0.0902709
-0.449066,-0.112045
-0.441556,-0.133484
-0.432715,-0.154521
-0.422554,-0.175086
-0.411086,-0.195109
-0.398326,-0.214519
-0.384293,-0.233243
-0.369009,-0.251208
-0.352497,-0.268336
-0.334785,-0.28455
-0.315905,-0.299771
-0.295893,-0.313918
-0.274791,-0.326907
-0.252644,-0.338653
-0.229507,-0.34907
-0.205439,-0.35807
-0.180507,-0.365563
-0.154787,-0.37146
-0.128365,-0.375669
-0.101337,-0.378101
-0.0738099,-0.378667
-0.0459032,-0.377281
-0.0177501,-0.373862
0.0105018,-0.368332
0.0386904,-0.360624
0.0666376,-0.35068
0.0941498,-0.338455
0.121018,-0.323921
0.147019,-0.307069
0.171916,-0.287917
0.195463,-0.266507
0.217407,-0.242914
0.237493,-0.217249
0.255473,-0.189659
0.271106,-0.160329
0.284173,-0.129484
0.294481,-0.0973821
0.301871,-0.0643166
0.306226,-0.0306051
0.307475,0.00341644
0.305597,0.0374033
0.300625,0.0710117
0.292636,0.103909
0.281759,0.135781
0.268158,0.166342
0.252033,0.195339
0.233609,0.222556
0.213127,0.247815
0.190838,0.270976
0.166997,0.291937
0.141857,0.310629
0.11566,0.327014
0.088643,0.341082
0.0610247,0.352844
0.0330117,0.362333
0.00479451,0.369596
-0.0234521,0.374693
-0.0515688,0.377695
-0.079411,0.378679
-0.106849,0.377728
-0.133764,0.374929
-0.160053,0.37037
-0.185622,0.364143
-0.210386,0.356336
-0.234272,0.347041
-0.257215,0.336346
-0.279154,0.32434
-0.30004,0.311109
-0.319827,0.296736
-0.338473,0.281306
-0.355945,0.264899
-0.372211,0.247594
-0.387244,0.229469
-0.40102,0.210598
-0.413519,0.191057
-0.424723,0.170917
-0.434618,0.15025
-0.443189,0.129125
-0.450427,0.107612
-0.456323,0.0857782
-0.460869,0.0636904
-0.464061,0.0414155
-0.465895,0.0190192
-0.466368,-0.00343258
-0.465481,-0.0258743
-0.463234,-0.0482405
-0.45963,-0.0704653
-0.454672,-0.0924826
-0.448368,-0.114226
-0.440723,-0.135627
-0.431749,-0.15662
-0.421455,-0.177133
-0.409856,-0.197098
-0.396967,-0.216442
-0.382807,-0.235093
-0.367397,-0.252976
-0.350763,-0.270016
-0.332931,-0.286133
-0.313935,-0.30125
-0.293812,-0.315283
-0.272602,-0.328151
-0.250353,-0.339767
-0.227119,-0.350045
-0.202961,-0.358897
-0.177946,-0.366233
-0.152151,-0.371963
-0.125664,-0.375997
-0.0985801,-0.378245
-0.0710089,-0.378618
-0.0430711,-0.37703
-0.0149013,-0.373401
0.0133519,-0.367655
0.0415243,-0.359724
0.0694366,-0.349552
0.0968935,-0.337094
0.123684,-0.322326
0.149585,-0.305242
0.174357,-0.285859
0.197753,-0.264225
0.219521,-0.240418
0.239407,-0.214552
0.25716,-0.186777
0.272544,-0.157283
0.285341,-0.126299
0.295361,-0.0940862
0.302449,-0.0609408
0.306493,-0.0271825
0.307427,0.00685122
0.305235,0.0408154
0.299954,0.0743669
0.291668,0.107174
0.280507,0.138926
0.266642,0.169341
0.250275,0.198168
0.231632,0.225195
0.210956,0.250248
0.188499,0.273191
0.164515,0.293926
0.139257,0.312386
0.112968,0.328537
0.0858798,0.342372
0.0582126,0.353903
0.0301705,0.363165
0.00194252,0.370206
-0.026298,0.375089
-0.0543934,0.377883
-0.0822006,0.378668
-0.109591,0.377526
-0.136448,0.374545
-0.162668,0.369814
-0.188159,0.363423
-0.212838,0.355462
-0.236632,0.346022
-0.259476,0.335191
-0.281311,0.323057
-0.302088,0.309706
-0.321761,0.295223
-0.340291,0.279691
-0.357642,0.263189
-0.373785,0.245798
-0.388692,0.227594
-0.40234,0.208652
-0.414709,0.189047
-0.425782,0.168851
-0.435543,0.148134
-0.44398,0.126967
-0.451083,0.105418
-0.456843,0.0835557
-0.461252,0.0614459
-0.464307,0.0391557
-0.466004,0.0167508
-0.46634,-0.00570299
-0.465315,-0.0281401
-0.46293,-0.050495
-0.459189,-0.0727019
-0.454096,-0.0946945
-0.447655,-0.116406
-0.439876,-0.13777
-0.430767,-0.158717
-0.420341,-0.179178
-0.408611,-0.199083
-0.395593,-0.218361
-0.381305,-0.236937
-0.365771,-0.254739
-0.349014,-0.271689
-0.331064,-0.287709
-0.311952,-0.30272
-0.291717,-0.316639
-0.2704,-0.329384
-0.248049,-0.340869
-0.224719,-0.351007
-0.20047,-0.35971
-0.175373,-0.366888
-0.149504,-0.37245
-0.122952,-0.376308
-0.0958142,-0.37837
-0.0682004,-0.378549
-0.0402329,-0.376759
-0.0120477,-0.372919
0.0162049,-0.366955
0.0443594,-0.3588
0.0722347,-0.348398
0.0996341,-0.335708
0.126345,-0.320706
0.152142,-0.303388
0.176787,-0.283776
0.20003,-0.261918
0.22162,-0.237897
0.241301,-0.211831
0.258825,-0.183873
0.273958,-0.154218
0.286482,-0.123097
0.296212,-0.0907763
0.302998,-0.0575541
0.306729,-0.0237525
0.307347,0.0102899
0.304841,0.0442279
0.299251,0.077719
0.290668,0.110433
0.279226,0.142063
0.265099,0.172328
0.248491,0.200982
0.229631,0.227817
0.208763,0.252662
0.186141,0.275386
0.162017,0.295894
0.136644,0.314122
0.110263,0.330039
0.0831071,0.34364
0.0553928,0.35494
0.0273235,0.363975
-0.000913453,0.370795
-0.0291464,0.375463
-0.057219,0.378051
-0.0849897,0.378637
-0.112331,0.377306
-0.139128,0.374144
-0.165279,0.36924
-0.190692,0.362686
-0.215285,0.354572
-0.238985,0.344987
-0.26173,0.33402
-0.283461,0.321759
-0.304128,0.30829
-0.323687,0.293697
-0.342099,0.278063
-0.35933,0.261468
-0.375348,0.243991
-0.390129,0.225709
-0.403649,0.206697
-0.415888,0.187028
-0.426828,0.166776
-0.436456,0.146011
-0.444759,0.124802
-0.451726,0.103218
-0.457349,0.0813276
-0.461622,0.0591965
-0.46454,0.0368916
-0.466099,0.0144788
-0.466297,-0.00797629
-0.465135,-0.0304081
-0.462613,-0.052751
-0.458735,-0.0749392
-0.453504,-0.0969065
-0.446928,-0.118586
-0.439014,-0.139911
-0.429772,-0.160812
-0.419213,-0.18122
-0.407351,-0.201065
-0.394204,-0.220275
-0.379789,-0.238776
-0.36413,-0.256495
-0.347251,-0.273354
-0.329181,-0.289276
-0.309954,-0.30418
-0.289607,-0.317985
-0.268184,-0.330606
-0.245731,-0.341958
-0.222305,-0.351955
-0.197968,-0.360508
-0.172789,-0.367526
-0.146847,-0.372921
-0.120231,-0.3766
-0.0930398,-0.378476
-0.0653844,-0.378459
-0.0373886,-0.376466
-0.00918954,-0.372414
0.0190608,-0.366231
0.0471955,-0.357851
0.0750318,-0.34722
0.102371,-0.334297
0.129001,-0.31906
0.154692,-0.301509
0.179206,-0.281666
0.202294,-0.259586
0.223702,-0.235352
0.243176,-0.209087
0.260469,-0.180948
0.275346,-0.151134
0.287596,-0.119878
0.297035,-0.0874526
0.303515,-0.0541569
0.306934,-0.0203154
0.307235,0.0137322
0.304414,0.0476404
0.298517,0.0810676
0.289638,0.113686
0.277916,0.14519
0.263528,0.175302
0.246681,0.203781
0.227607,0.230422
0.20655,0.255058
0.183764,0.277562
0.159503,0.297841
0.134017,0.315836
0.107547,0.331519
0.0803248,0.344886
0.0525655,0.355955
0.0244709,0.364763
-0.00377325,0.371363
-0.0319969,0.375817
-0.0600453,0.378198
-0.0877782,0.378586
-0.11507,0.377066
-0.141806,0.373723
-0.167886,0.368649
-0.193219,0.361933
-0.217725,0.353665
-0.241332,0.343936
-0.263976,0.332834
-0.285602,0.320447
-0.306159,0.30686
-0.325604,0.292158
-0.343898,0.276423
-0.361007,0.259735
-0.376901,0.242173
-0.391555,0.223813
-0.404946,0.204732
-0.417054,0.185001
-0.427863,0.164693
-0.437357,0.14388
-0.445525,0.12263
-0.452356,0.101012
-0.457843,0.079094
-0.461979,0.0569423
-0.464759,0.0346235
-0.46618,0.0122033
-0.46624,-0.0102524
-0.46494,-0.0326783
-0.462281,-0.0550085
-0.458265,-0.0771774
-0.452899,-0.0991186
-0.446186,-0.120765
-0.438137,-0.14205
-0.428761,-0.162904
-0.418069,-0.183259
-0.406077,-0.203042
-0.3928,-0.222184
-0.378258,-0.24061
-0.362474,-0.258245
-0.345473,-0.275013
-0.327285,-0.290835
-0.307943,-0.305631
-0.287485,-0.31932
-0.265954,-0.331816
-0.243401,-0.343036
-0.21988,-0.35289
-0.195454,-0.361291
-0.170194,-0.368149
-0.144179,-0.373374
-0.1175,-0.376875
-0.0902568,-0.378563
-0.0625612,-0.37835
-0.0345383,-0.376151
-0.00632704,-0.371887
0.0219194,-0.365484
0.0500323,-0.356878
0.0778275,-0.346016
0.105105,-0.33286
0.13165,-0.317389
0.157233,-0.299603
0.181614,-0.279531
0.204543,-0.257228
0.225766,-0.232783
0.245031,-0.20632
0.262089,-0.178002
0.27671,-0.14803
0.288683,-0.116644
0.297828,-0.0841155
0.304002,-0.0507495
0.307107,-0.0168715
0.307091,0.0171777
0.303956,0.0510526
0.297752,0.0844125
0.288577,0.116931
0.276577,0.148306
0.26193,0.178264
0.244847,0.206565
0.22556,0.23301
0.204317,0.257435
0.181369,0.279717
0.156973,0.299767
0.131376,0.317529
0.10482,0.332977
0.0775333,0.34611
0.049731,0.356948
0.021613,0.36553
-0.00663671,0.371909
-0.0348495,0.37615
-0.0628721,0.378325
-0.090566,0.378516
-0.117806,0.376807
-0.144481,0.373285
-0.170489,0.36804
-0.195742,0.361162
-0.22016,0.352742
-0.243672,0.34287
-0.266216,0.331634
-0.287735,0.319121
-0.308181,0.305418
-0.327511,0.290607
-0.345686,0.274771
-0.362674,0.257991
-0.378444,0.240345
-0.392971,0.221908
-0.406232,0.202757
-0.418209,0.182965
-0.428885,0.162603
-0.438245,0.141742
-0.446278,0.120451
-0.452973,0.0988
-0.458324,0.076855
-0.462322,0.0546833
-0.464964,0.0323512
-0.466247,0.0099244
-0.46617,-0.0125313
-0.464732,-0.0349505
-0.461935,-0.0572674
-0.457782,-0.0794162
-0.452278,-0.101331
-0.44543,-0.122944
-0.437245,-0.144188
-0.427735,-0.164994
-0.416911,-0.185294
-0.404787,-0.205016
-0.391381,-0.224089
-0.376712,-0.242438
-0.360804,-0.259988
-0.343681,-0.276664
-0.325374,-0.292385
-0.305917,-0.307073
-0.285348,-0.320644
-0.263711,-0.333015
-0.241057,-0.3441
-0.217441,-0.353811
-0.192927,-0.36206
-0.167587,-0.368756
-0.141501,-0.37381
-0.11476,-0.377131
-0.0874654,-0.37863
-0.0597308,-0.378219
-0.0316823,-0.375815
-0.00346031,-0.371337
0.0247804,-0.364714
0.0528697,-0.355881
0.0806217,-0.344788
0.107835,-0.331397
0.134293,-0.315691
0.159765,-0.297672
0.18401,-0.27737
0.206778,-0.254845
0.227814,-0.230189
0.246865,-0.20353
0.263687,-0.175034
0.278048,-0.144908
0.289742,-0.113393
0.298591,-0.0807654
0.304458,-0.0473322
0.307248,-0.0134212
0.306915,0.0206261
0.303465,0.0544641
0.296954,0.0877532
0.287486,0.12017
0.275208,0.151412
0.260304,0.181212
0.242987,0.209334
0.22349,0.235581
0.202062,0.259794
0.178956,0.281853
0.154427,0.301673
0.128722,0.319201
0.102081,0.334414
0.0747327,0.347312
0.0468894,0.357919
0.0187498,0.366275
-0.00950365,0.372434
-0.037704,0.376462
-0.0656994,0.378432
-0.0933528,0.378426
-0.120541,0.376529
-0.147152,0.372828
-0.173088,0.367413
-0.198259,0.360375
-0.222589,0.351803
-0.246005,0.341788
-0.268447,0.330419
-0.28986,0.317781
-0.310195,0.303961
-0.329409,0.289043
-0.347465,0.273108
-0.36433,0.256236
-0.379975,0.238506
-0.394375,0.219993
-0.407507,0.200774
-0.419352,0.18092
-0.429895,0.160504
-0.439121,0.139596
-0.447018,0.118266
-0.453578,0.0965818
-0.458791,0.0746107
-0.462652,0.0524197
-0.465156,0.0300748
-0.466301,0.00764211
-0.466085,-0.0148129
-0.464509,-0.0372247
-0.461574,-0.0595276
-0.457283,-0.0816556
-0.451643,-0.103542
-0.444659,-0.125121
-0.436339,-0.146324
-0.426694,-0.167082
-0.415737,-0.187327
-0.403483,-0.206986
-0.389948,-0.225988
-0.375152,-0.24426
-0.359118,-0.261725
-0.341874,-0.278307
-0.323448,-0.293927
-0.303876,-0.308505
-0.283197,-0.321959
-0.261455,-0.334203
-0.2387,-0.345152
-0.21499,-0.354718
-0.190389,-0.362813
-0.164969,-0.369347
-0.138812,-0.374229
-0.11201,-0.377369
-0.0846658,-0.378678
-0.0568934,-0.378068
-0.0288207,-0.375457
-0.000589543,-0.370764
0.0276438,-0.363919
0.0557074,-0.354859
0.083414,-0.343534
0.11056,-0.329908
0.136929,-0.313967
0.162288,-0.295714
0.186394,-0.275184
0.208997,-0.252437
0.229843,-0.227571
0.248679,-0.200717
0.265261,-0.172046
0.279361,-0.141767
0.290773,-0.110126
0.299325,-0.0774023
0.304883,-0.0439054
0.307357,-0.00996485
0.306706,0.0240769
0.302942,0.0578745
0.296125,0.0910895
0.286365,0.1234
0.273811,0.154508
0.258652,0.184147
0.241102,0.212087
0.221398,0.238134
0.199788,0.262133
0.176526,0.283968
0.151865,0.303557
0.126054,0.320851
0.0993317,0.335828
0.0719232,0.348492
0.044041,0.358869
0.0158816,0.366999
-0.0123739,0.372938
-0.0405602,0.376753
-0.068527,0.378519
-0.0961386,0.378317
-0.123273,0.376232
-0.14982,0.372353
-0.175682,0.366769
-0.200772,0.35957
-0.225011,0.350848
-0.248331,0.340691
-0.270671,0.329189
-0.291977,0.316427
-0.312199,0.302492
-0.331298,0.287466
-0.349234,0.271432
-0.365977,0.254469
-0.381496,0.236656
-0.395768,0.218068
-0.40877,0.198781
-0.420483,0.178867
-0.430893,0.158398
-0.439984,0.137444
-0.447746,0.116074
-0.454169,0.0943576
-0.459244,0.0723611
-0.462968,0.0501513
-0.465334,0.0277945
-0.46634,0.00535652
-0.465986,-0.0170971
-0.464271,-0.0395009
-0.461198,-0.061789
-0.456771,-0.0838956
-0.450993,-0.105754
-0.443872,-0.127298
-0.435417,-0.148458
-0.425639,-0.169168
-0.414549,-0.189356
-0.402163,-0.208952
-0.388499,-0.227883
-0.373576,-0.246076
-0.357418,-0.263455
-0.340052,-0.279942
-0.321508,-0.29546
-0.301822,-0.309928
-0.281032,-0.323262
-0.259185,-0.335378
-0.23633,-0.346191
-0.212527,-0.355612
-0.187839,-0.363552
-0.16234,-0.369922
-0.136113,-0.374631
-0.109251,-0.377588
-0.081858,-0.378706
-0.054049,-0.377897
-0.0259536,-0.375077
0.0022851,-0.370168
0.0305092,-0.363101
0.0585453,-0.353812
0.0862043,-0.342254
0.113282,-0.328394
0.139558,-0.312216
0.164801,-0.29373
0.188766,-0.272971
0.211202,-0.250004
0.231855,-0.224929
0.250473,-0.197882
0.266812,-0.169038
0.280647,-0.138608
0.291776,-0.106843
0.300029,-0.0740268
0.305276,-0.0404694
0.307433,-0.00650281
0.306465,0.0275298
0.302387,0.0612834
0.295265,0.0944208
0.285213,0.126622
0.272385,0.157593
0.256972,0.187069
0.239192,0.214824
0.219283,0.240669
0.197493,0.264453
0.174077,0.286063
0.149288,0.30542
0.123374,0.322479
0.0965712,0.33722
0.0691051,0.34965
0.0411858,0.359796
0.0130086,0.3677
-0.0152473,0.37342
-0.043418,0.377023
-0.0713547,0.378585
-0.0989232,0.378188
-0.126003,0.375916
-0.152484,0.371859
-0.178272,0.366107
-0.203278,0.358749
-0.227427,0.349877
-0.250651,0.339579
-0.272888,0.327944
-0.294085,0.315059
-0.314195,0.301009
-0.333177,0.285877
-0.350993,0.269745
-0.367612,0.252692
-0.383006,0.234796
-0.397149,0.216134
-0.410021,0.196779
-0.421603,0.176805
-0.431878,0.156283
-0.440835,0.135284
-0.448461,0.113876
-0.454747,0.0921276
-0.459685,0.0701062
-0.46327,0.0478785
-0.465498,0.0255103
-0.466366,0.00306769
-0.465873,-0.0193839
-0.46402,-0.0417789
-0.460809,-0.0640516
-0.456243,-0.0861359
-0.450328,-0.107965
-0.443071,-0.129473
-0.434481,-0.150591
-0.424568,-0.171251
-0.413346,-0.191381
-0.400829,-0.210913
-0.387035,-0.229772
-0.371986,-0.247886
-0.355703,-0.265177
-0.338216,-0.28157
-0.319554,-0.296985
-0.299753,-0.31134
-0.278854,-0.324554
-0.256901,-0.336542
-0.233948,-0.347217
-0.210051,-0.356491
-0.185277,-0.364275
-0.1597,-0.37048
-0.133404,-0.375014
-0.106483,-0.377789
-0.0790421,-0.378714
-0.0511979,-0.377704
-0.0230812,-0.374674
0.00516345,-0.369549
0.0333765,-0.362258
0.061383,-0.35274
0.0889924,-0.340949
0.115998,-0.326853
0.14218,-0.31044
0.167304,-0.29172
0.191125,-0.270733
0.213391,-0.247546
0.233848,-0.222263
0.252245,-0.195025
0.268339,-0.166008
0.281907,-0.135431
0.29275,-0.103546
0.300702,-0.070639
0.305638,-0.0370246
0.307478,-0.00303544
0.306191,0.0309845
0.301799,0.0646905
0.294373,0.0977469
0.28403,0.129836
0.27093,0.160666
0.255266,0.189977
0.237258,0.217545
0.217145,0.243187
0.195178,0.266754
0.171611,0.288137
0.146696,0.307262
0.120681,0.324085
0.0938002,0.33859
0.0662785,0.350786
0.0383241,0.360702
0.0101308,0.368381
-0.0181237,0.373882
-0.0462772,0.377273
-0.0741825,0.378631
-0.101706,0.378039
-0.12873,0.375581
-0.155145,0.371347
-0.180857,0.365427
-0.20578,0.357911
-0.229837,0.348889
-0.252963,0.338451
-0.275096,0.326685
-0.296185,0.313677
-0.316182,0.299513
-0.335046,0.284275
-0.352742,0.268045
-0.369238,0.250903
-0.384505,0.232925
-0.398519,0.214189
-0.41126,0.194768
-0.42271,0.174735
-0.432852,0.154161
-0.441673,0.133117
-0.449163,0.111671
-0.455311,0.0898917
-0.460112,0.0678462
-0.463559,0.0456011
-0.465648,0.0232223
-0.466377,0.000775701
-0.465745,-0.0216732
-0.463754,-0.0440587
-0.460404,-0.0663152
-0.455701,-0.0883767
-0.449649,-0.110176
-0.442255,-0.131648
-0.43353,-0.152722
-0.423483,-0.173331
-0.412127,-0.193404
-0.399479,-0.21287
-0.385557,-0.231657
-0.37038,-0.24969
-0.353974,-0.266893
-0.336365,-0.28319
-0.317585,-0.2985
-0.297671,-0.312743
-0.276662,-0.325836
-0.254605,-0.337693
-0.231552,-0.348229
-0.207562,-0.357355
-0.182703,-0.364983
-0.157049,-0.371021
-0.130685,-0.375381
-0.103706,-0.37797
-0.0762182,-0.378702
-0.0483401,-0.377489
-0.0202036,-0.37425
0.00804532,-0.368907
0.0362455,-0.361391
0.0642204,-0.351644
0.0917779,-0.339619
0.11871,-0.325286
0.144795,-0.308637
0.169797,-0.289684
0.193471,-0.268468
0.215564,-0.245063
0.235823,-0.219574
0.253995,-0.192145
0.269842,-0.162959
0.283141,-0.132236
0.293696,-0.100233
0.301346,-0.0672393
0.305968,-0.0335712
0.30749,0.000436894
0.305885,0.0344405
0.301179,0.0680955
0.293449,0.101067
0.282818,0.133041
0.269447,0.163727
0.253533,0.19287
0.235299,0.22025
0.214986,0.245686
0.192843,0.269035
0.169127,0.290191
0.144089,0.309083
0.117975,0.325669
0.0910188,0.339938
0.0634435,0.3519
0.0354561,0.361585
0.00724861,0.369039
-0.0210029,0.374321
-0.0491377,0.377502
-0.07701,0.378657
-0.104488,0.37787
-0.131454,0.375227
-0.157802,0.370817
-0.183437,0.36473
-0.208275,0.357056
-0.232241,0.347886
-0.255268,0.337308
-0.277297,0.325411
-0.298276,0.312281
-0.318159,0.298003
-0.336906,0.282661
-0.354481,0.266334
-0.370852,0.249103
-0.385993,0.231044
-0.399878,0.212235
-0.412488,0.192748
-0.423805,0.172656
-0.433812,0.152031
-0.442498,0.130943
-0.449851,0.10946
-0.455863,0.08765
-0.460525,0.0655811
-0.463834,0.0433192
-0.465784,0.0209305
-0.466374,-0.00151938
-0.465604,-0.0239648
-0.463473,-0.0463402
-0.459985,-0.0685799
-0.455143,-0.0906177
-0.448954,-0.112387
-0.441424,-0.133821
-0.432563,-0.154851
-0.422382,-0.175408
-0.410894,-0.195422
-0.398115,-0.214822
-0.384063,-0.233535
-0.36876,-0.251487
-0.352229,-0.268602
-0.334499,-0.284801
-0.315602,-0.300006
-0.295574,-0.314136
-0.274455,-0.327106
-0.252294,-0.338833
-0.229143,-0.349228
-0.205061,-0.358206
-0.180117,-0.365675
-0.154387,-0.371546
-0.127956,-0.375729
-0.10092,-0.378133
-0.0733865,-0.37867
-0.0454758,-0.377254
-0.0173209,-0.373803
0.0109305,-0.368241
0.039116,-0.3605
0.0670573,-0.350522
0.0945606,-0.338262
0.121417,-0.323693
0.147402,-0.306807
0.17228,-0.287621
0.195804,-0.266178
0.217721,-0.242554
0.237778,-0.21686
0.255724,-0.189243
0.27132,-0.159889
0.284347,-0.129023
0.294613,-0.0969053
0.301958,-0.0638281
0.306267,-0.0301097
0.307469,0.00391383
0.305545,0.0378976
0.300527,0.0714978
0.292494,0.104382
0.281575,0.136237
0.267935,0.166776
0.251773,0.195749
0.233316,0.222938
0.212804,0.248167
0.190489,0.271296
0.166627,0.292224
0.141467,0.310881
0.115256,0.327232
0.0882273,0.341264
0.0606005,0.352992
0.032582,0.362446
0.00436206,0.369676
-0.0238847,0.37474
-0.0519992,0.37771
-0.0798372,0.378663
-0.107268,0.377682
-0.134176,0.374855
-0.160455,0.370269
-0.186013,0.364015
-0.210765,0.356184
-0.234638,0.346866
-0.257565,0.336149
-0.279489,0.324122
-0.300359,0.310871
-0.320128,0.296481
-0.338757,0.281034
-0.35621,0.264611
-0.372456,0.247292
-0.387469,0.229153
-0.401226,0.210271
-0.413704,0.190718
-0.424887,0.170569
-0.434761,0.149893
-0.443311,0.128761
-0.450527,0.107242
-0.456401,0.0854026
-0.460925,0.0633109
-0.464095,0.041033
-0.465906,0.018635
-0.466357,-0.00381749
-0.465447,-0.0262588
-0.463178,-0.0486234
-0.459551,-0.0708454
-0.454572,-0.0928588
-0.448245,-0.114597
-0.440578,-0.135992
-0.431582,-0.156977
-0.421266,-0.177482
-0.409645,-0.197437
-0.396735,-0.21677
-0.382554,-0.235409
-0.367124,-0.253279
-0.35047,-0.270303
-0.332619,-0.286405
-0.313604,-0.301503
-0.293463,-0.315518
-0.272235,-0.328365
-0.24997,-0.339959
-0.226721,-0.350214
-0.202548,-0.359041
-0.17752,-0.366351
-0.151714,-0.372054
-0.125217,-0.376059
-0.0981246,-0.378276
-0.0705471,-0.378617
-0.0426051,-0.376996
-0.0144334,-0.373333
0.0138189,-0.367551
0.0419878,-0.359584
0.0698934,-0.349374
0.0973402,-0.336879
0.124118,-0.322074
0.150001,-0.304951
0.174751,-0.285532
0.198123,-0.263862
0.219862,-0.240021
0.239714,-0.214123
0.25743,-0.186319
0.272773,-0.156799
0.285526,-0.125793
0.2955,-0.0935632
0.302539,-0.0604055
0.306533,-0.0266403
0.307416,0.007395
0.305173,0.0413552
0.299842,0.0748973
0.291508,0.10769
0.280302,0.139423
0.266394,0.169814
0.249987,0.198613
0.231309,0.225609
0.210601,0.250629
0.188116,0.273537
0.164109,0.294235
0.138831,0.312658
0.112526,0.328772
0.0854257,0.342568
0.0577496,0.354061
0.0297019,0.363285
0.00147136,0.37029
-0.0267691,0.375137
-0.0548617,0.377897
-0.082664,0.378648
-0.110047,0.377475
-0.136895,0.374463
-0.163105,0.369703
-0.188583,0.363283
-0.213249,0.355296
-0.237028,0.34583
-0.259855,0.334976
-0.281674,0.322819
-0.302433,0.309448
-0.322087,0.294946
-0.340597,0.279395
-0.357928,0.262877
-0.37405,0.24547
-0.388935,0.227251
-0.402561,0.208297
-0.414908,0.18868
-0.425958,0.168474
-0.435696,0.147748
-0.44411,0.126573
-0.451189,0.105018
-0.456925,0.0831496
-0.461311,0.0610357
-0.464342,0.0387424
-0.466014,0.0163358
-0.466326,-0.00611856
-0.465277,-0.028555
-0.462868,-0.0509081
-0.459103,-0.0731118
-0.453985,-0.0951001
-0.44752,-0.116806
-0.439717,-0.138163
-0.430585,-0.159102
-0.420135,-0.179554
-0.408381,-0.199448
-0.39534,-0.218714
-0.381031,-0.237277
-0.365474,-0.255063
-0.348696,-0.271997
-0.330724,-0.287999
-0.311592,-0.302991
-0.291337,-0.31689
-0.270002,-0.329613
-0.247633,-0.341074
-0.224286,-0.351186
-0.200023,-0.359862
-0.174911,-0.367012
-0.14903,-0.372544
-0.122467,-0.37637
-0.0953206,-0.378399
-0.0677001,-0.378543
-0.0397282,-0.376717
-0.0115412,-0.37284
0.0167103,-0.366838
0.0448606,-0.358643
0.0727284,-0.348201
0.100117,-0.335471
0.126813,-0.320428
0.152591,-0.303069
0.177212,-0.283416
0.200428,-0.26152
0.221985,-0.237462
0.24163,-0.211361
0.259114,-0.183373
0.274201,-0.15369
0.286678,-0.122546
0.296357,-0.090207
0.30309,-0.056972
0.306767,-0.0231635
0.30733,0.01088
0.304768,0.0448131
0.299125,0.0782934
0.29049,0.110991
0.278999,0.142599
0.264826,0.172838
0.248175,0.201462
0.229277,0.228263
0.208376,0.253073
0.185724,0.275758
0.161575,0.296226
0.136181,0.314414
0.109783,0.33029
0.0826143,0.343849
0.054891,0.355108
0.026816,0.364102
-0.0014233,0.370883
-0.0296557,0.375513
-0.057725,0.378063
-0.0854901,0.378614
-0.112823,0.377248
-0.139611,0.374053
-0.16575,0.369118
-0.191149,0.362534
-0.215727,0.354391
-0.239411,0.344779
-0.262138,0.333787
-0.28385,0.321502
-0.304498,0.308011
-0.324037,0.293397
-0.342427,0.277743
-0.359636,0.26113
-0.375632,0.243637
-0.390389,0.22534
-0.403885,0.206314
-0.4161,0.186633
-0.427016,0.16637
-0.436619,0.145595
-0.444897,0.124378
-0.451839,0.102787
-0.457436,0.080891
-0.461683,0.0587556
-0.464575,0.0364476
-0.466108,0.0140331
-0.46628,-0.00842251
-0.465091,-0.0308535
-0.462544,-0.0531943
-0.458639,-0.075379
-0.453383,-0.0973414
-0.446781,-0.119015
-0.438841,-0.140332
-0.429573,-0.161224
-0.418989,-0.181622
-0.407102,-0.201455
-0.39393,-0.220652
-0.379492,-0.239139
-0.363808,-0.256842
-0.346906,-0.273683
-0.328814,-0.289586
-0.309566,-0.304469
-0.289198,-0.318251
-0.267754,-0.330848
-0.245283,-0.342175
-0.221839,-0.352145
-0.197485,-0.360668
-0.172291,-0.367656
-0.146336,-0.373018
-0.119708,-0.376663
-0.0925079,-0.378503
-0.0648455,-0.378449
-0.0368452,-0.376416
-0.00864453,-0.372325
0.0196044,-0.3661
0.0477343,-0.357678
0.0755622,-0.347003
0.102889,-0.334036
0.129502,-0.318755
0.155173,-0.30116
0.179661,-0.281274
0.202719,-0.259152
0.224091,-0.234879
0.243526,-0.208577
0.260775,-0.180405
0.275604,-0.150561
0.287802,-0.119282
0.297185,-0.0868369
0.303608,-0.0535279
0.306968,-0.0196795
0.30721,0.0143685
0.30433,0.0482708
0.298375,0.0816857
0.289441,0.114286
0.277666,0.145766
0.263229,0.17585
0.246337,0.204296
0.227222,0.2309
0.20613,0.255497
0.183312,0.277959
0.159024,0.298195
0.133516,0.316147
0.107029,0.331785
0.0797934,0.345107
0.0520248,0.356132
0.0239246,0.364897
-0.00432176,0.371454
-0.0325444,0.375867
-0.060589,0.378209
-0.0883155,0.378559
-0.115598,0.377001
-0.142323,0.373623
-0.168391,0.368515
-0.193709,0.361767
-0.218199,0.353469
-0.241788,0.343711
-0.264413,0.332582
-0.286018,0.32017
-0.306554,0.30656
-0.325977,0.291835
-0.344248,0.27608
-0.361333,0.259373
-0.377203,0.241793
-0.391832,0.223417
-0.405198,0.204321
-0.41728,0.184577
-0.428062,0.164258
-0.437529,0.143435
-0.44567,0.122176
-0.452475,0.100551
-0.457934,0.0786268
-0.462042,0.0564706
-0.464794,0.0341487
-0.466187,0.0117268
-0.46622,-0.0107293
-0.464892,-0.033154
-0.462204,-0.0554818
-0.458161,-0.0776468
-0.452766,-0.0995827
-0.446026,-0.121223
-0.43795,-0.142499
-0.428546,-0.163344
-0.417827,-0.183687
-0.405808,-0.203458
-0.392505,-0.222586
-0.377937,-0.240996
-0.362128,-0.258613
-0.345102,-0.275362
-0.32689,-0.291164
-0.307524,-0.305938
-0.287044,-0.319602
-0.265492,-0.332073
-0.242919,-0.343264
-0.219379,-0.353089
-0.194935,-0.361459
-0.169659,-0.368284
-0.143631,-0.373474
-0.11694,-0.376938
-0.0896866,-0.378587
-0.0619837,-0.378334
-0.0339563,-0.376093
-0.00574345,-0.371786
0.0225012,-0.365339
0.0506087,-0.356687
0.0783945,-0.345778
0.105658,-0.332575
0.132185,-0.317056
0.157745,-0.299224
0.182098,-0.279106
0.204995,-0.256759
0.22618,-0.232271
0.245401,-0.205769
0.262412,-0.177416
0.276981,-0.147413
0.288897,-0.116001
0.297983,-0.0834531
0.304096,-0.0500736
0.307137,-0.0161889
0.307058,0.0178602
0.303859,0.0517279
0.297593,0.0850741
0.28836,0.117573
0.276303,0.148922
0.261604,0.178848
0.244473,0.207114
0.225144,0.233519
0.203862,0.257902
0.180882,0.280139
0.156457,0.300143
0.130838,0.317858
0.104263,0.333258
0.0769631,0.346343
0.0491514,0.357134
0.0210278,0.36567
-0.00722383,0.372004
-0.0354352,0.376201
-0.0634533,0.378334
-0.0911399,0.378484
-0.11837,0.376735
-0.145033,0.373175
-0.171027,0.367894
-0.196264,0.360983
-0.220664,0.352531
-0.244157,0.342628
-0.26668,0.331363
-0.288178,0.318824
-0.308601,0.305095
-0.327907,0.290261
-0.346058,0.274404
-0.36302,0.257603
-0.378764,0.239938
-0.393264,0.221485
-0.406498,0.202319
-0.418448,0.182512
-0.429095,0.162138
-0.438427,0.141267
-0.446431,0.119967
-0.453097,0.0983083
-0.458418,0.0763572
-0.462387,0.0541809
-0.464999,0.0318456
-0.466253,0.00941715
-0.466145,-0.0130388
-0.464677,-0.0354566
-0.46185,-0.0577707
-0.457668,-0.0799152
-0.452134,-0.101824
-0.445257,-0.12343
-0.437043,-0.144665
-0.427503,-0.165461
-0.41665,-0.185749
-0.404498,-0.205457
-0.391064,-0.224514
-0.376368,-0.242846
-0.360432,-0.260378
-0.343283,-0.277033
-0.324951,-0.292733
-0.305469,-0.307396
-0.284876,-0.320942
-0.263217,-0.333285
-0.240541,-0.34434
-0.216905,-0.354019
-0.192373,-0.362234
-0.167016,-0.368895
-0.140915,-0.373912
-0.114162,-0.377194
-0.0868568,-0.378651
-0.0591146,-0.378197
-0.0310615,-0.375748
-0.00283819,-0.371224
0.0254003,-0.364553
0.0534834,-0.355671
0.081225,-0.344528
0.108423,-0.331087
0.134861,-0.31533
0.160309,-0.297262
0.184523,-0.276911
0.207256,-0.254339
0.228251,-0.229638
0.247256,-0.202938
0.264026,-0.174405
0.278331,-0.144246
0.289965,-0.112704
0.29875,-0.0800561
0.304551,-0.0466093
0.307273,-0.0126918
0.306873,0.0213545
0.303355,0.0551842
0.296779,0.0884579
0.287248,0.120852
0.274911,0.152067
0.259951,0.181833
0.242584,0.209916
0.223042,0.23612
0.201574,0.260288
0.178433,0.282299
0.153874,0.302069
0.128146,0.319547
0.101486,0.334709
0.0741236,0.347557
0.0462708,0.358114
0.0181257,0.36642
-0.0101293,0.372531
-0.0383277,0.376512
-0.066318,0.378438
-0.0939633,0.378388
-0.12114,0.376449
-0.147739,0.372708
-0.173659,0.367255
-0.198813,0.360181
-0.223124,0.351576
-0.24652,0.341529
-0.26894,0.330129
-0.290329,0.317463
-0.310639,0.303616
-0.329828,0.288673
-0.347858,0.272715
-0.364696,0.255822
-0.380313,0.238073
-0.394684,0.219543
-0.407787,0.200307
-0.419603,0.180439
-0.430116,0.16001
-0.439311,0.139091
-0.447178,0.117752
-0.453706,0.0960596
-0.458888,0.0740822
-0.462718,0.0518864
-0.46519,0.0295384
-0.466304,0.00710412
-0.466056,-0.0153509
-0.464448,-0.0377612
-0.461482,-0.0600609
-0.45716,-0.0821842
-0.451488,-0.104065
-0.444472,-0.125635
-0.436121,-0.146829
-0.426446,-0.167576
-0.415458,-0.187807
-0.403173,-0.207452
-0.389609,-0.226437
-0.374784,-0.244691
-0.358722,-0.262136
-0.341449,-0.278696
-0.322997,-0.294293
-0.303399,-0.308845
-0.282694,-0.322271
-0.260928,-0.334485
-0.238151,-0.345402
-0.214419,-0.354935
-0.189799,-0.362995
-0.164361,-0.36949
-0.138189,-0.374332
-0.111374,-0.37743
-0.0840186,-0.378695
-0.0562384,-0.37804
-0.0281612,-0.37538
7.10936e-05,-0.370638
0.0283017,-0.363742
0.0563584,-0.35463
0.0840535,-0.343252
0.111184,-0.329573
0.13753,-0.313578
0.162862,-0.295272
0.186936,-0.27469
0.209501,-0.251894
0.230303,-0.226981
0.249089,-0.200083
0.265616,-0.171373
0.279655,-0.14106
0.291003,-0.109391
0.299487,-0.0766461
0.304975,-0.0431354
0.307376,-0.00918873
0.306654,0.0248512
0.302818,0.0586391
0.295932,0.0918369
0.286105,0.124123
0.273489,0.1552
0.258271,0.184803
0.240668,0.212701
0.220917,0.238703
0.199265,0.262653
0.175966,0.284437
0.151276,0.303974
0.12544,0.321214
0.098698,0.336137
0.0712752,0.348747
0.0433833,0.359071
0.0152186,0.367148
-0.0130381,0.373037
-0.0412219,0.376803
-0.0691829,0.378521
-0.0967855,0.378273
-0.123908,0.376144
-0.150441,0.372223
-0.176286,0.366599
-0.201357,0.359362
-0.225577,0.350604
-0.248875,0.340414
-0.271191,0.328879
-0.292472,0.316088
-0.312668,0.302124
-0.33174,0.287073
-0.349648,0.271015
-0.366362,0.25403
-0.381851,0.236196
-0.396093,0.21759
-0.409064,0.198286
-0.420746,0.178357
-0.431124,0.157874
-0.440183,0.136909
-0.447912,0.11553
-0.454302,0.0938048
-0.459345,0.0718018
-0.463035,0.0495873
-0.465367,0.0272273
-0.46634,0.0047878
-0.465953,-0.0176657
-0.464204,-0.0400676
-0.461098,-0.0623522
-0.456637,-0.0844536
-0.450826,-0.106305
-0.443672,-0.12784
-0.435184,-0.148991
-0.425373,-0.169688
-0.414251,-0.189862
-0.401833,-0.209442
-0.388137,-0.228356
-0.373184,-0.246529
-0.356996,-0.263887
-0.3396,-0.280351
-0.321028,-0.295844
-0.301314,-0.310284
-0.280498,-0.323588
-0.258625,-0.335673
-0.235747,-0.346452
-0.211921,-0.355837
-0.187212,-0.363739
-0.161695,-0.370069
-0.135452,-0.374735
-0.108577,-0.377648
-0.0811721,-0.378719
-0.0533552,-0.377861
-0.0252553,-0.37499
0.00298421,-0.370029
0.031205,-0.362907
0.0592333,-0.353564
0.0868798,-0.34195
0.113939,-0.328033
0.140192,-0.311798
0.165406,-0.293256
0.189336,-0.272442
0.211731,-0.249423
0.232337,-0.224298
0.250901,-0.197206
0.267181,-0.16832
0.280952,-0.137855
0.292012,-0.106062
0.300193,-0.0732234
0.305366,-0.0396522
0.307447,-0.00568003
0.306402,0.0283499
0.302248,0.0620924
0.295053,0.0952108
0.284931,0.127386
0.272037,0.158323
0.256563,0.18776
0.238728,0.215471
0.218768,0.241267
0.196935,0.264999
0.173481,0.286555
0.148661,0.305856
0.122721,0.322858
0.0958988,0.337542
0.068418,0.349915
0.0404891,0.360005
0.0123067,0.367854
-0.01595,0.37352
-0.0441176,0.377072
-0.0720477,0.378583
-0.0996064,0.378137
-0.126673,0.375819
-0.153139,0.371718
-0.178909,0.365924
-0.203896,0.358526
-0.228023,0.349616
-0.251223,0.339283
-0.273435,0.327615
-0.294605,0.314698
-0.314688,0.300619
-0.333641,0.28546
-0.351428,0.269302
-0.368016,0.252226
-0.383378,0.234309
-0.39749,0.215627
-0.410329,0.196255
-0.421877,0.176266
-0.432119,0.15573
-0.441042,0.134719
-0.448633,0.113301
-0.454884,0.0915441
-0.459788,0.0695162
-0.463337,0.0472835
-0.46553,0.0249123
-0.466363,0.00246826
-0.465834,-0.019983
-0.463946,-0.0423758
-0.460699,-0.0646446
-0.456098,-0.0867233
-0.450148,-0.108545
-0.442857,-0.130044
-0.434232,-0.151151
-0.424284,-0.171797
-0.413028,-0.191913
-0.400478,-0.211428
-0.386651,-0.230268
-0.371569,-0.248361
-0.355255,-0.26563
-0.337736,-0.281998
-0.319044,-0.297386
-0.299215,-0.311712
-0.278288,-0.324895
-0.256308,-0.336849
-0.23333,-0.347488
-0.209409,-0.356724
-0.184614,-0.364468
-0.159018,-0.37063
-0.132705,-0.375119
-0.10577,-0.377846
-0.0783175,-0.378722
-0.0504652,-0.37766
-0.0223441,-0.374577
0.00590098,-0.369396
0.0341101,-0.362048
0.062108,-0.352472
0.0897035,-0.340621
0.11669,-0.326465
0.142847,-0.309992
0.167939,-0.291213
0.191723,-0.270168
0.213945,-0.246926
0.234351,-0.221592
0.252691,-0.194305
0.268722,-0.165246
0.282222,-0.134632
0.292992,-0.102717
0.300868,-0.0697883
0.305724,-0.0361602
0.307483,-0.00216606
0.306116,0.0318501
0.301645,0.0655436
0.294141,0.098579
0.283725,0.130639
0.270556,0.161433
0.254828,0.190702
0.236762,0.218224
0.216597,0.243813
0.194585,0.267325
0.170979,0.288651
0.146032,0.307717
0.11999,0.32448
0.0930889,0.338925
0.0655522,0.351061
0.0375883,0.360917
0.00939015,0.368538
-0.0188648,0.373982
-0.0470146,0.377319
-0.0749124,0.378625
-0.102426,0.377981
-0.129435,0.375475
-0.155834,0.371195
-0.181527,0.365231
-0.206428,0.357673
-0.230463,0.348612
-0.253563,0.338136
-0.27567,0.326335
-0.296731,0.313295
-0.316698,0.2991
-0.335533,0.283834
-0.353197,0.267578
-0.36966,0.250411
-0.384894,0.232411
-0.398875,0.213655
-0.411581,0.194216
-0.422995,0.174166
-0.433102,0.153578
-0.441887,0.132522
-0.449341,0.111065
-0.455453,0.0892775
-0.460216,0.0672253
-0.463626,0.0449752
-0.465678,0.0225934
-0.46637,0.000145571
-0.465701,-0.0223027
-0.463672,-0.0446858
-0.460286,-0.066938
-0.455545,-0.0889933
-0.449456,-0.110785
-0.442026,-0.132246
-0.433264,-0.153309
-0.423181,-0.173903
-0.41179,-0.193961
-0.399106,-0.213409
-0.385149,-0.232176
-0.369938,-0.250187
-0.353499,-0.267366
-0.335857,-0.283636
-0.317046,-0.298918
-0.297101,-0.31313
-0.276063,-0.32619
-0.253978,-0.338012
-0.230899,-0.34851
-0.206885,-0.357596
-0.182004,-0.36518
-0.15633,-0.371174
-0.129948,-0.375485
-0.102954,-0.378025
-0.0754548,-0.378704
-0.0475686,-0.377437
-0.0194277,-0.374141
0.00882122,-0.368739
0.0370168,-0.361163
0.0649822,-0.351354
0.0925245,-0.339266
0.119436,-0.324871
0.145494,-0.308159
0.170462,-0.289143
0.194096,-0.267868
0.216142,-0.244404
0.236346,-0.218861
0.254458,-0.191382
0.270238,-0.162151
0.283464,-0.131391
0.293943,-0.0993571
0.301511,-0.0663413
0.306051,-0.0326596
0.307487,0.00135279
0.305797,0.0353515
0.301008,0.0689923
0.293198,0.101941
0.282489,0.133884
0.269045,0.164531
0.253065,0.193629
0.234771,0.220959
0.214404,0.24634
0.192215,0.269631
0.168458,0.290726
0.143387,0.309555
0.117245,0.326079
0.0902684,0.340284
0.0626781,0.352183
0.0346812,0.361806
0.00646911,0.369199
-0.0217823,0.374422
-0.0499127,0.377545
-0.0777768,0.378645
-0.105243,0.377805
-0.132195,0.375112
-0.158525,0.370653
-0.184139,0.36452
-0.208955,0.356802
-0.232896,0.34759
-0.255896,0.336974
-0.277897,0.325041
-0.298847,0.311877
-0.318699,0.297567
-0.337414,0.282195
-0.354956,0.265841
-0.371293,0.248585
-0.386398,0.230503
-0.400248,0.211672
-0.412822,0.192167
-0.424101,0.172058
-0.434072,0.151418
-0.44272,0.130317
-0.450035,0.108823
-0.456008,0.0870051
-0.460631,0.0649293
-0.463901,0.0426625
-0.465812,0.0202708
-0.466363,-0.00218019
-0.465554,-0.0246248
-0.463384,-0.0469974
-0.459857,-0.0692323
-0.454976,-0.0912634
-0.448748,-0.113024
-0.44118,-0.134447
-0.432281,-0.155464
-0.422061,-0.176007
-0.410536,-0.196004
-0.39772,-0.215386
-0.383632,-0.234078
-0.368293,-0.252006
-0.351727,-0.269095
-0.333963,-0.285267
-0.315033,-0.300441
-0.294973,-0.314538
-0.273824,-0.327473
-0.251634,-0.339162
-0.228455,-0.349518
-0.204349,-0.358453
-0.179381,-0.365877
-0.15363,-0.371701
-0.127181,-0.375833
-0.100129,-0.378184
-0.0725843,-0.378666
-0.0446654,-0.377192
-0.0165064,-0.373681
0.0117447,-0.368058
0.0399249,-0.360253
0.0678556,-0.35021
0.0953425,-0.337885
0.122176,-0.32325
0.148132,-0.306298
0.172974,-0.287047
0.196455,-0.26554
0.218322,-0.241856
0.238322,-0.216105
0.256203,-0.188436
0.271729,-0.159036
0.284679,-0.128131
0.294863,-0.0959823
0.302123,-0.0628825
0.306344,-0.0291509
0.307457,0.00487614
0.305444,0.0388536
0.300338,0.0724381
0.292221,0.105297
0.281221,0.137118
0.267506,0.167617
0.251275,0.196542
0.232755,0.223678
0.212188,0.248848
0.189824,0.271916
0.16592,0.292779
0.140727,0.311371
0.114488,0.327655
0.0874377,0.341621
0.0597958,0.353283
0.0317679,0.362672
0.00354379,0.369838
-0.0247024,0.37484
-0.0528118,0.37775
-0.0806407,0.378646
-0.108059,0.377609
-0.134951,0.374729
-0.161211,0.370092
-0.186747,0.363791
-0.211475,0.355914
-0.235322,0.346553
-0.258221,0.335796
-0.280116,0.323731
-0.300954,0.310445
-0.320691,0.296021
-0.339285,0.280543
-0.356704,0.264092
-0.372914,0.246747
-0.387891,0.228584
-0.40161,0.20968
-0.41405,0.190109
-0.425195,0.169942
-0.435029,0.149251
-0.443539,0.128106
-0.450715,0.106575
-0.456549,0.0847269
-0.461032,0.0626282
-0.464161,0.0403454
-0.465932,0.0179444
-0.466342,-0.00450896
-0.465391,-0.0269492
-0.463081,-0.0493106
-0.459413,-0.0715275
-0.454393,-0.0935337
-0.448025,-0.115263
-0.440319,-0.136647
-0.431282,-0.157618
-0.420927,-0.178107
-0.409267,-0.198044
-0.396318,-0.217357
-0.382099,-0.235974
-0.366632,-0.253819
-0.349941,-0.270816
-0.332055,-0.286888
-0.313005,-0.301955
-0.29283,-0.315935
-0.271572,-0.328745
-0.249276,-0.3403
-0.225999,-0.350513
-0.201799,-0.359295
-0.176747,-0.366558
-0.150919,-0.37221
-0.124403,-0.376162
-0.0972955,-0.378323
-0.0697059,-0.378606
-0.0417557,-0.376925
-0.0135801,-0.373199
0.0146714,-0.367352
0.0428342,-0.359318
0.0707281,-0.34904
0.0981572,-0.336477
0.12491,-0.321602
0.150762,-0.30441
0.175474,-0.284923
0.1988,-0.263187
0.220485,-0.239283
0.240277,-0.213325
0.257925,-0.185468
0.273193,-0.155901
0.285866,-0.124854
0.295753,-0.0925928
0.302703,-0.0594124
0.306604,-0.0256344
0.307394,0.0084036
0.305058,0.0423562
0.299635,0.0758807
0.291213,0.108646
0.279923,0.140343
0.265937,0.17069
0.249459,0.199439
0.230715,0.226378
0.209949,0.251337
0.187415,0.27418
0.163365,0.294811
0.138052,0.313165
0.111719,0.329209
0.0845968,0.342935
0.0569056,0.354359
0.0288487,0.363516
0.000614364,0.370454
-0.0276248,0.375236
-0.0557117,0.377934
-0.083504,0.378625
-0.110873,0.377393
-0.137704,0.374326
-0.163894,0.369513
-0.18935,0.363044
-0.21399,0.355009
-0.237741,0.345499
-0.260539,0.334603
-0.282326,0.322407
-0.303052,0.308999
-0.322672,0.294462
-0.341147,0.278879
-0.358441,0.262332
-0.374525,0.244898
-0.389372,0.226655
-0.402959,0.207678
-0.415266,0.188041
-0.426275,0.167817
-0.435972,0.147075
-0.444345,0.125887
-0.451382,0.10432
-0.457076,0.0824431
-0.461419,0.0603221
-0.464407,0.0380239
-0.466037,0.0156144
-0.466306,-0.00684066
-0.465214,-0.0292758
-0.462762,-0.0516253
-0.458954,-0.0738234
-0.453794,-0.0958039
-0.447287,-0.1175
-0.439442,-0.138845
-0.430268,-0.159769
-0.419776,-0.180204
-0.407982,-0.20008
-0.3949,-0.219324
-0.380551,-0.237864
-0.364955,-0.255625
-0.348139,-0.27253
-0.330131,-0.288501
-0.310963,-0.303459
-0.290673,-0.317322
-0.269305,-0.330005
-0.246905,-0.341425
-0.223529,-0.351493
-0.199237,-0.360122
-0.174101,-0.367221
-0.148198,-0.372701
-0.121615,-0.376472
-0.0944527,-0.378442
-0.0668199,-0.378525
-0.0388399,-0.376636
-0.0106493,-0.372693
0.0176009,-0.366622
0.0457443,-0.358358
0.0735993,-0.347845
0.100968,-0.335042
0.127639,-0.319926
0.153383,-0.302496
0.177963,-0.282772
0.20113,-0.260807
0.222631,-0.236684
0.242211,-0.210522
0.259623,-0.182477
0.274632,-0.152746
0.287024,-0.12156
0.296613,-0.0891889
0.303251,-0.0559313
0.306831,-0.0221104
0.307296,0.0119348
0.304638,0.0458588
0.298899,0.0793196
0.290172,0.111988
0.278594,0.143558
0.26434,0.17375
0.247615,0.20232
0.22865,0.229061
0.207689,0.253806
0.184985,0.276424
0.160793,0.296821
0.135363,0.314936
0.108937,0.330739
0.0817461,0.344226
0.0540076,0.355413
0.0259237,0.364336
-0.00231898,0.371048
-0.0305495,0.37561
-0.0586123,0.378096
-0.0863665,0.378583
-0.113685,0.377157
-0.140454,0.373905
-0.166572,0.368916
-0.191947,0.36228
-0.216498,0.354087
-0.240153,0.344429
-0.262849,0.333393
-0.284528,0.321068
-0.305141,0.307538
-0.324644,0.292889
-0.342998,0.277203
-0.360168,0.260559
-0.376124,0.243038
-0.390842,0.224715
-0.404297,0.205666
-0.416469,0.185965
-0.427343,0.165683
-0.436903,0.144892
-0.445138,0.123661
-0.452036,0.102059
-0.457589,0.0801535
-0.461792,0.058011
-0.464639,0.0356982
-0.466127,0.0132809
-0.466255,-0.00917521
-0.465022,-0.0316045
-0.462429,-0.0539414
-0.45848,-0.07612
-0.45318,-0.0980741
-0.446533,-0.119737
-0.438549,-0.141041
-0.429238,-0.161918
-0.41861,-0.182298
-0.406681,-0.202112
-0.393467,-0.221286
-0.378987,-0.239748
-0.363264,-0.257424
-0.346322,-0.274235
-0.328192,-0.290105
-0.308905,-0.304953
-0.288502,-0.318697
-0.267024,-0.331253
-0.24452,-0.342537
-0.221045,-0.35246
-0.196663,-0.360933
-0.171443,-0.367869
-0.145465,-0.373175
-0.118818,-0.376763
-0.0916011,-0.378541
-0.0639263,-0.378423
-0.0359179,-0.376324
-0.00771389,-0.372163
0.0205331,-0.365868
0.0486552,-0.357372
0.0764691,-0.346622
0.103776,-0.33358
0.13036,-0.318224
0.155995,-0.300553
0.18044,-0.280594
0.203446,-0.2584
0.224759,-0.234059
0.244125,-0.207694
0.261298,-0.179464
0.276045,-0.14957
0.288153,-0.118249
0.297442,-0.085771
0.303766,-0.0524396
0.307025,-0.0185794
0.307165,0.0154693
0.304184,0.049361
0.29813,0.0827546
0.2891,0.115323
0.277235,0.146762
0.262714,0.176796
0.245745,0.205185
0.226561,0.231726
0.205407,0.256256
0.182537,0.278647
0.158204,0.298809
0.132659,0.316685
0.106143,0.332247
0.0788857,0.345493
0.0511021,0.356443
0.0229932,0.365134
-0.00525606,0.371619
-0.0334762,0.375962
-0.0615134,0.378236
-0.0892281,0.378521
-0.116495,0.376901
-0.143201,0.373464
-0.169245,0.368299
-0.194538,0.361497
-0.219,0.353148
-0.242558,0.343343
-0.265151,0.332169
-0.286721,0.319714
-0.307221,0.306064
-0.326606,0.291303
-0.344838,0.275513
-0.361884,0.258775
-0.377713,0.241167
-0.3923,0.222765
-0.405622,0.203645
-0.417661,0.18388
-0.428398,0.163542
-0.437821,0.142702
-0.445917,0.121429
-0.452675,0.099792
-0.458089,0.0778584
-0.462151,0.0556951
-0.464857,0.0333683
-0.466203,0.0109438
-0.466189,-0.0115125
-0.464815,-0.0339353
-0.462081,-0.0562588
-0.457991,-0.0784172
-0.45255,-0.100344
-0.445764,-0.121973
-0.437642,-0.143236
-0.428192,-0.164064
-0.417429,-0.184389
-0.405365,-0.204139
-0.392019,-0.223243
-0.377408,-0.241627
-0.361557,-0.259216
-0.34449,-0.275933
-0.326237,-0.2917
-0.306833,-0.306437
-0.286316,-0.320061
-0.264728,-0.332489
-0.242121,-0.343635
-0.218549,-0.353411
-0.194076,-0.361729
-0.168774,-0.368499
-0.142722,-0.373631
-0.116011,-0.377034
-0.0887407,-0.37862
-0.0610253,-0.3783
-0.0329899,-0.375989
-0.0047742,-0.37161
0.0234678,-0.365088
0.0515666,-0.35636
0.0793371,-0.345374
0.106579,-0.332092
0.133075,-0.316494
0.158598,-0.298584
0.182905,-0.278389
0.205746,-0.255968
0.226868,-0.23141
0.246018,-0.204842
0.262949,-0.17643
0.27743,-0.146375
0.289254,-0.11492
0.29824,-0.0823394
0.30425,-0.0489375
0.307185,-0.0150417
0.307,0.0190068
0.303696,0.0528624
0.297327,0.0861851
0.287995,0.11865
0.275845,0.149955
0.261059,0.179828
0.243849,0.208034
0.224448,0.234373
0.203104,0.258685
0.180069,0.280848
0.155599,0.300774
0.129942,0.318411
0.103338,0.333732
0.0760159,0.346738
0.0481892,0.357451
0.0200572,0.36591
-0.00819669,0.372169
-0.0364049,0.376293
-0.0644148,0.378356
-0.0920886,0.378438
-0.119302,0.376625
-0.145944,0.373004
-0.171914,0.367664
-0.197124,0.360697
-0.221495,0.352192
-0.244956,0.34224
-0.267444,0.330929
-0.288906,0.318345
-0.309292,0.304576
-0.328558,0.289704
-0.346668,0.273812
-0.363588,0.256979
-0.379289,0.239284
-0.393746,0.220804
-0.406935,0.201613
-0.418839,0.181785
-0.429441,0.161392
-0.438726,0.140503
-0.446683,0.11919
-0.453301,0.0975185
-0.458574,0.0755578
-0.462495,0.0533743
-0.46506,0.0310342
-0.466265,0.00860338
-0.466109,-0.0138526
-0.464592,-0.0362681
-0.461717,-0.0585775
-0.457486,-0.0807149
-0.451905,-0.102614
-0.444979,-0.124208
-0.436718,-0.145428
-0.427131,-0.166208
-0.416232,-0.186476
-0.404034,-0.206162
-0.390554,-0.225194
-0.375814,-0.243499
-0.359834,-0.261001
-0.342642,-0.277623
-0.324268,-0.293286
-0.304746,-0.307911
-0.284115,-0.321415
-0.262419,-0.333713
-0.239709,-0.34472
-0.21604,-0.354349
-0.191477,-0.362509
-0.166093,-0.369113
-0.139968,-0.374069
-0.113193,-0.377287
-0.0858718,-0.378678
-0.058117,-0.378154
-0.0300562,-0.375632
-0.00183037,-0.371033
0.0264048,-0.364284
0.0544782,-0.355323
0.0822032,-0.344099
0.109377,-0.330576
0.135784,-0.314737
0.161191,-0.296587
0.185357,-0.276157
0.208031,-0.253508
0.228959,-0.228735
0.247889,-0.201967
0.264575,-0.173373
0.278789,-0.143161
0.290325,-0.111575
0.299007,-0.0788943
0.3047,-0.0454254
0.307312,-0.0114977
0.306801,0.0225468
0.303174,0.0563626
0.296491,0.0896107
0.286858,0.121968
0.274424,0.153136
0.259375,0.182847
0.241926,0.210867
0.222311,0.237001
0.200779,0.261095
0.177583,0.283028
0.152977,0.302718
0.127211,0.320114
0.100521,0.335193
0.0731368,0.347959
0.0452692,0.358435
0.0171161,0.366662
-0.0111407,0.372695
-0.0393352,0.376601
-0.0673164,0.378454
-0.0949479,0.378335
-0.122107,0.376329
-0.148683,0.372524
-0.174578,0.367011
-0.199705,0.359879
-0.223984,0.351219
-0.247346,0.341121
-0.26973,0.329673
-0.291082,0.316962
-0.311353,0.303074
-0.330501,0.288092
-0.348488,0.272097
-0.365282,0.255171
-0.380855,0.237391
-0.39518,0.218833
-0.408236,0.199572
-0.420005,0.179682
-0.43047,0.159234
-0.439617,0.138298
-0.447435,0.116943
-0.453914,0.0952388
-0.459046,0.0732518
-0.462826,0.0510488
-0.465248,0.0286961
-0.466311,0.00625958
-0.466013,-0.0161953
-0.464355,-0.0386028
-0.461338,-0.0608974
-0.456966,-0.083013
-0.451244,-0.104883
-0.444179,-0.126441
-0.435779,-0.147619
-0.426055,-0.168348
-0.415019,-0.188559
-0.402686,-0.208181
-0.389074,-0.22714
-0.374203,-0.245365
-0.358096,-0.262778
-0.34078,-0.279304
-0.322284,-0.294863
-0.302645,-0.309375
-0.2819,-0.322757
-0.260096,-0.334924
-0.237283,-0.345792
-0.213518,-0.355271
-0.188866,-0.363274
-0.1634,-0.36971
-0.137203,-0.374488
-0.110367,-0.37752
-0.0829945,-0.378715
-0.0552016,-0.377987
-0.0271169,-0.375251
0.00111741,-0.370431
0.0293439,-0.363454
0.0573899,-0.354259
0.0850671,-0.342797
0.112171,-0.329033
0.138484,-0.312953
0.163773,-0.294563
0.187796,-0.273898
0.2103,-0.251023
0.231031,-0.226034
0.249738,-0.199067
0.266177,-0.170295
0.28012,-0.139928
0.291366,-0.108214
0.299742,-0.0754362
0.305117,-0.0419038
0.307405,-0.00794775
0.306567,0.026089
0.302618,0.0598612
0.295622,0.0930312
0.285689,0.125278
0.272973,0.156306
0.257664,0.185851
0.239977,0.213682
0.22015,0.239611
0.198433,0.263484
0.175078,0.285186
0.15034,0.304639
0.124466,0.321794
0.0976935,0.336631
0.0702487,0.349157
0.0423423,0.359396
0.0141701,0.367391
-0.0140879,0.373199
-0.042267,0.376887
-0.0702179,0.378531
-0.0978058,0.37821
-0.124909,0.376013
-0.151419,0.372025
-0.177238,0.366339
-0.202279,0.359043
-0.226465,0.350229
-0.249729,0.339986
-0.272008,0.328402
-0.293249,0.315564
-0.313404,0.301558
-0.332433,0.286466
-0.350297,0.270371
-0.366965,0.253352
-0.382408,0.235487
-0.396602,0.216852
-0.409525,0.197522
-0.421158,0.17757
-0.431486,0.157067
-0.440495,0.136084
-0.448173,0.11469
-0.454512,0.0929531
-0.459503,0.0709403
-0.463141,0.0487186
-0.465422,0.0263541
-0.466343,0.00391251
-0.465903,-0.0185405
-0.464103,-0.0409393
-0.460944,-0.0632183
-0.456431,-0.0853114
-0.450568,-0.107152
-0.443363,-0.128674
-0.434824,-0.149808
-0.424962,-0.170486
-0.41379,-0.190639
-0.401323,-0.210195
-0.387579,-0.229081
-0.372578,-0.247224
-0.356343,-0.264549
-0.338902,-0.280977
-0.320285,-0.29643
-0.300528,-0.310828
-0.279671,-0.324087
-0.257759,-0.336123
-0.234843,-0.346849
-0.210983,-0.356179
-0.186242,-0.364022
-0.160696,-0.370289
-0.134428,-0.374889
-0.107531,-0.377733
-0.0801087,-0.378731
-0.0522793,-0.377797
-0.024172,-0.374848
0.00406897,-0.369805
0.0322849,-0.3626
0.0603013,-0.35317
0.0879284,-0.341468
0.114961,-0.327463
0.141177,-0.311141
0.166346,-0.292511
0.190221,-0.271612
0.212552,-0.248511
0.233084,-0.223309
0.251565,-0.196145
0.267753,-0.167195
0.281424,-0.136675
0.292377,-0.104837
0.300446,-0.0719653
0.305502,-0.0383729
0.307464,-0.0043923
0.3063,0.0296329
0.302029,0.0633578
0.294719,0.0964461
0.284488,0.128579
0.271492,0.159464
0.255924,0.18884
0.238002,0.216481
0.217966,0.242201
0.196066,0.265852
0.172555,0.287323
0.147686,0.306537
0.121707,0.323451
0.0948545,0.338046
0.0673518,0.350331
0.0394086,0.360334
0.0112192,0.368098
-0.0170381,0.373681
-0.0452002,0.377152
-0.0731194,0.378586
-0.100662,0.378066
-0.127708,0.375677
-0.15415,0.371508
-0.179892,0.365649
-0.204848,0.35819
-0.228941,0.349222
-0.252104,0.338835
-0.274277,0.327116
-0.295406,0.314152
-0.315446,0.300028
-0.334355,0.284827
-0.352096,0.268632
-0.368637,0.251521
-0.383951,0.233572
-0.398012,0.214861
-0.410801,0.195462
-0.422299,0.175449
-0.432489,0.154893
-0.44136,0.133864
-0.448898,0.11243
-0.455096,0.0906614
-0.459946,0.0686236
-0.463443,0.0463838
-0.465581,0.0240081
-0.46636,0.00156225
-0.465778,-0.0208882
-0.463835,-0.0432776
-0.460535,-0.0655402
-0.45588,-0.0876101
-0.449877,-0.109421
-0.442532,-0.130905
-0.433854,-0.151995
-0.423854,-0.172621
-0.412546,-0.192715
-0.399945,-0.212204
-0.386068,-0.231016
-0.370936,-0.249077
-0.354574,-0.266311
-0.337008,-0.282642
-0.318271,-0.297988
-0.298397,-0.312271
-0.277427,-0.325406
-0.255407,-0.337309
-0.23239,-0.347893
-0.208434,-0.357071
-0.183606,-0.364754
-0.157981,-0.37085
-0.131642,-0.375271
-0.104685,-0.377926
-0.0772148,-0.378726
-0.04935,-0.377585
-0.0212219,-0.374421
0.0070241,-0.369155
0.0352275,-0.361719
0.0632123,-0.352054
0.090787,-0.340113
0.117744,-0.325865
0.143863,-0.309301
0.168907,-0.290432
0.192633,-0.269299
0.214788,-0.245973
0.235116,-0.220558
0.253369,-0.193199
0.269304,-0.164074
0.2827,-0.133404
0.293358,-0.101444
0.301117,-0.0684819
0.305852,-0.0348331
0.307488,-0.000831711
0.305998,0.0331782
0.301405,0.066852
0.293784,0.099855
0.283256,0.131871
0.269981,0.162609
0.254156,0.191814
0.236002,0.219262
0.215759,0.244773
0.193678,0.2682
0.170013,0.289438
0.145017,0.308413
0.118936,0.325084
0.0920047,0.339438
0.0644462,0.351482
0.0364684,0.361248
0.00826367,0.368781
-0.0199911,0.37414
-0.0481345,0.377394
-0.0760205,0.37862
-0.103517,0.3779
-0.130505,0.375321
-0.156878,0.37097
-0.182541,0.36494
-0.20741,0.357319
-0.231409,0.348199
-0.254471,0.337668
-0.276537,0.325814
-0.297555,0.312725
-0.317478,0.298484
-0.336266,0.283176
-0.353883,0.266881
-0.370297,0.249678
-0.385481,0.231646
-0.399411,0.212859
-0.412065,0.193393
-0.423427,0.17332
-0.43348,0.152711
-0.442211,0.131636
-0.44961,0.110164
-0.455667,0.0883637
-0.460375,0.0663016
-0.46373,0.0440445
-0.465726,0.0216583
-0.466362,-0.000791139
-0.465637,-0.0232383
-0.463552,-0.0456175
-0.46011,-0.0678631
-0.455314,-0.089909
-0.449169,-0.111689
-0.441684,-0.133135
-0.432868,-0.154179
-0.42273,-0.174753
-0.411286,-0.194787
-0.39855,-0.214208
-0.384541,-0.232945
-0.369279,-0.250923
-0.352789,-0.268067
-0.3351,-0.284298
-0.316241,-0.299537
-0.29625,-0.313703
-0.275169,-0.326713
-0.253042,-0.338481
-0.229924,-0.348923
-0.205873,-0.357948
-0.180958,-0.365469
-0.155254,-0.371395
-0.128846,-0.375635
-0.10183,-0.378099
-0.0743128,-0.3787
-0.0464141,-0.377351
-0.0182666,-0.37397
0.00998262,-0.36848
0.0381716,-0.360814
0.0661226,-0.350912
0.0936425,-0.33873
0.120523,-0.32424
0.14654,-0.307434
0.171458,-0.288325
0.195031,-0.266959
0.217006,-0.243408
0.237129,-0.217783
0.25515,-0.19023
0.270829,-0.160932
0.283947,-0.130115
0.294309,-0.0980356
0.301756,-0.0649865
0.30617,-0.0312849
0.307479,0.00273361
0.305661,0.0367244
0.300747,0.0703434
0.292815,0.103257
0.281991,0.135153
0.26844,0.165742
0.25236,0.194772
0.233976,0.222026
0.213529,0.247324
0.19127,0.270527
0.167454,0.291531
0.142333,0.310266
0.116151,0.326695
0.0891443,0.340805
0.0615323,0.35261
0.0335218,0.36214
0.00530377,0.369442
-0.0229467,0.374577
-0.0510699,0.377615
-0.0789211,0.378633
-0.10637,0.377714
-0.133298,0.374945
-0.159601,0.370414
-0.185185,0.364213
-0.209966,0.356431
-0.23387,0.347158
-0.256831,0.336484
-0.278789,0.324497
-0.299695,0.311283
-0.319501,0.296927
-0.338168,0.281511
-0.35566,0.265117
-0.371946,0.247824
-0.387,0.229709
-0.400797,0.210848
-0.413316,0.191314
-0.424541,0.171181
-0.434456,0.15052
-0.443049,0.129401
-0.450307,0.107891
-0.456223,0.0860601
-0.46079,0.0639745
-0.464002,0.0417007
-0.465856,0.0193047
-0.466349,-0.00314757
-0.465482,-0.0255907
-0.463254,-0.047959
-0.45967,-0.0701868
-0.454732,-0.0922079
-0.448447,-0.113956
-0.440821,-0.135363
-0.431866,-0.156361
-0.421591,-0.176882
-0.41001,-0.196855
-0.39714,-0.216208
-0.382998,-0.234869
-0.367606,-0.252763
-0.350989,-0.269814
-0.333176,-0.285945
-0.314197,-0.301075
-0.29409,-0.315124
-0.272896,-0.328008
-0.250663,-0.339641
-0.227444,-0.349938
-0.2033,-0.35881
-0.178298,-0.366168
-0.152516,-0.371921
-0.126039,-0.375979
-0.0989656,-0.378252
-0.0714027,-0.378653
-0.0434716,-0.377094
-0.0153064,-0.373495
0.0129443,-0.36778
0.0411169,-0.359882
0.069032,-0.349743
0.0964947,-0.337321
0.123295,-0.322588
0.149208,-0.305539
0.173997,-0.286191
0.197414,-0.264592
0.219207,-0.240818
0.239121,-0.214983
0.256908,-0.187237
0.272328,-0.15777
0.285166,-0.126807
0.295229,-0.0946121
0.302363,-0.0614793
0.306453,-0.0277286
0.307435,0.00630328
0.30529,0.0402711
0.300055,0.0738316
0.291814,0.106653
0.280695,0.138424
0.266869,0.168862
0.250537,0.197715
0.231925,0.224772
0.211275,0.249856
0.188841,0.272833
0.164876,0.293601
0.139633,0.312096
0.113354,0.328282
0.0862735,0.34215
0.0586102,0.353714
0.0305692,0.363008
0.00233964,0.37008
-0.0259048,0.374991
-0.0540061,0.377813
-0.0818211,0.378624
-0.10922,0.377507
-0.136088,0.374549
-0.16232,0.369839
-0.187824,0.363467
-0.212516,0.355525
-0.236324,0.346101
-0.259182,0.335285
-0.281033,0.323165
-0.301825,0.309827
-0.321513,0.295356
-0.340059,0.279833
-0.357426,0.263341
-0.373584,0.245958
-0.388507,0.227761
-0.40217,0.208826
-0.414555,0.189226
-0.425643,0.169035
-0.43542,0.148322
-0.443873,0.127158
-0.450991,0.105612
-0.456765,0.0837508
-0.46119,0.0616422
-0.46426,0.0393524
-0.465971,0.0169475
-0.466321,-0.00550697
-0.465311,-0.0279453
-0.462941,-0.050302
-0.459214,-0.0725112
-0.454134,-0.0945068
-0.447708,-0.116222
-0.439943,-0.137589
-0.430848,-0.158541
-0.420435,-0.179008
-0.408718,-0.198919
-0.395713,-0.218202
-0.381439,-0.236786
-0.365918,-0.254595
-0.349174,-0.271554
-0.331236,-0.287583
-0.312137,-0.302604
-0.291914,-0.316534
-0.270609,-0.32929
-0.24827,-0.340788
-0.224951,-0.350939
-0.200713,-0.359656
-0.175626,-0.36685
-0.149766,-0.372429
-0.123223,-0.376304
-0.0960922,-0.378385
-0.0684849,-0.378583
-0.0405227,-0.376814
-0.0123413,-0.372997
0.015909,-0.367056
0.0440631,-0.358925
0.0719401,-0.348548
0.0993434,-0.335884
0.126061,-0.320908
0.151867,-0.303616
0.176524,-0.284029
0.199783,-0.262197
0.22139,-0.238201
0.241093,-0.212158
0.258641,-0.184222
0.273801,-0.154586
0.286355,-0.123481
0.296118,-0.0911738
0.302937,-0.0579608
0.306703,-0.0241645
0.307356,0.00987689
0.304885,0.043818
0.29933,0.0773162
0.290779,0.110042
0.279368,0.141686
0.265269,0.171968
0.248686,0.200642
0.229848,0.227499
0.209,0.252368
0.186393,0.275117
0.162282,0.29565
0.136918,0.313903
0.110545,0.329846
0.0833925,0.34347
0.0556801,0.354794
0.0276106,0.363852
-0.000628512,0.370694
-0.0288652,0.375383
-0.056943,0.37799
-0.0847202,0.378594
-0.112069,0.37728
-0.138875,0.374133
-0.165034,0.369244
-0.190457,0.362703
-0.21506,0.354601
-0.238771,0.345027
-0.261526,0.33407
-0.283268,0.321818
-0.303946,0.308357
-0.323516,0.293771
-0.341939,0.278143
-0.35918,0.261553
-0.37521,0.244081
-0.390001,0.225803
-0.403532,0.206794
-0.415781,0.187129
-0.426732,0.166879
-0.43637,0.146116
-0.444683,0.124908
-0.45166,0.103326
-0.457293,0.0814357
-0.461576,0.0593049
-0.464503,0.0369999
-0.466071,0.0145866
-0.466278,-0.00786927
-0.465125,-0.0303022
-0.462612,-0.0526465
-0.458743,-0.0748364
-0.453521,-0.0968056
-0.446954,-0.118487
-0.439048,-0.139814
-0.429814,-0.160718
-0.419264,-0.18113
-0.40741,-0.200978
-0.394271,-0.220192
-0.379865,-0.238698
-0.364214,-0.256421
-0.347343,-0.273285
-0.329281,-0.289212
-0.310062,-0.304122
-0.289723,-0.317933
-0.268307,-0.330561
-0.245862,-0.341921
-0.222444,-0.351926
-0.198113,-0.360487
-0.172941,-0.367515
-0.147006,-0.372919
-0.120396,-0.37661
-0.0932099,-0.378497
-0.0655593,-0.378492
-0.0375675,-0.376512
-0.00937169,-0.372474
0.0188765,-0.366306
0.0470102,-0.357941
0.0748468,-0.347326
0.102188,-0.334419
0.128821,-0.319199
0.154518,-0.301665
0.179039,-0.28184
0.202136,-0.259776
0.223555,-0.235559
0.243043,-0.209309
0.260351,-0.181184
0.275246,-0.151383
0.287516,-0.120138
0.296975,-0.087721
0.303477,-0.0544312
0.306919,-0.0205931
0.307243,0.013454
0.304445,0.0473645
0.29857,0.0807968
0.289711,0.113423
0.278009,0.144936
0.263638,0.17506
0.246808,0.203553
0.227747,0.230208
0.206701,0.25486
0.183924,0.27738
0.15967,0.297675
0.134189,0.315687
0.107723,0.331386
0.0805016,0.344767
0.0527422,0.355851
0.0246462,0.364673
-0.00360051,0.371286
-0.0318277,0.375752
-0.0598804,0.378145
-0.0876185,0.378543
-0.114915,0.377032
-0.141658,0.373698
-0.167744,0.368631
-0.193084,0.361921
-0.217597,0.35366
-0.24121,0.343936
-0.263861,0.332838
-0.285493,0.320455
-0.306057,0.306872
-0.325508,0.292173
-0.343809,0.27644
-0.360924,0.259753
-0.376825,0.242193
-0.391484,0.223834
-0.404881,0.204753
-0.416994,0.185023
-0.427808,0.164715
-0.437307,0.143902
-0.44548,0.122652
-0.452316,0.101034
-0.457807,0.0791149
-0.461947,0.0569626
-0.464731,0.0346431
-0.466156,0.0122222
-0.46622,-0.0102344
-0.464924,-0.0326611
-0.462268,-0.0549922
-0.458256,-0.077162
-0.452892,-0.0991042
-0.446184,-0.120752
-0.438138,-0.142038
-0.428764,-0.162893
-0.418076,-0.183248
-0.406087,-0.203033
-0.392813,-0.222176
-0.378275,-0.240603
-0.362494,-0.25824
-0.345496,-0.275009
-0.327311,-0.290832
-0.307973,-0.30563
-0.287518,-0.319321
-0.265991,-0.331819
-0.243441,-0.343041
-0.219924,-0.352898
-0.195501,-0.361302
-0.170245,-0.368163
-0.144234,-0.373391
-0.117559,-0.376896
-0.0903186,-0.378588
-0.0626262,-0.378379
-0.0346063,-0.376186
-0.00639761,-0.371927
0.0218466,-0.365531
0.0499578,-0.356931
0.0777518,-0.346076
0.105029,-0.332927
0.131574,-0.317464
0.157158,-0.299686
0.181541,-0.279622
0.204474,-0.257327
0.225701,-0.23289
0.244971,-0.206435
0.262036,-0.178124
0.276665,-0.148159
0.288646,-0.116778
0.297801,-0.084254
0.303985,-0.050891
0.3071,-0.0170147
0.307095,0.0170343
0.30397,0.0509104
0.297776,0.084273
0.288611,0.116796
0.276619,0.148176
0.261979,0.178139
0.244902,0.206447
0.225621,0.232899
0.204381,0.257332
0.181436,0.279621
0.157041,0.299678
0.131445,0.317447
0.104889,0.332902
0.077601,0.346041
0.0497969,0.356884
0.0216764,0.365471
-0.00657615,0.371855
-0.0347921,0.376099
-0.0628182,0.378278
-0.0905156,0.378471
-0.117759,0.376763
-0.144437,0.373243
-0.170449,0.367998
-0.195706,0.361121
-0.220127,0.352701
-0.243642,0.342828
-0.266188,0.331591
-0.28771,0.319078
-0.308159,0.305373
-0.327491,0.290561
-0.345668,0.274723
-0.362656,0.257941
-0.378427,0.240293
-0.392955,0.221855
-0.406217,0.202701
-0.418195,0.182907
-0.42887,0.162543
-0.43823,0.14168
-0.446262,0.120388
-0.452957,0.098735
-0.458306,0.0767885
-0.462304,0.0546154
-0.464945,0.0322821
-0.466226,0.00985431
-0.466147,-0.0126022
-0.464707,-0.035022
-0.461908,-0.0573393
-0.457753,-0.0794882
-0.452248,-0.101402
-0.445398,-0.123015
-0.437211,-0.144259
-0.427699,-0.165065
-0.416873,-0.185363
-0.404747,-0.205084
-0.391339,-0.224155
-0.376669,-0.242502
-0.360759,-0.260051
-0.343634,-0.276724
-0.325326,-0.292443
-0.305868,-0.307128
-0.285298,-0.320697
-0.263661,-0.333065
-0.241006,-0.344147
-0.21739,-0.353855
-0.192877,-0.3621
-0.167537,-0.368793
-0.141452,-0.373844
-0.114712,-0.377162
-0.0874186,-0.378658
-0.0596856,-0.378244
-0.0316391,-0.375836
-0.00341928,-0.371356
0.024819,-0.36473
0.0529057,-0.355895
0.0806548,-0.3448
0.107865,-0.331408
0.13432,-0.3157
0.159789,-0.29768
0.184031,-0.277378
0.206796,-0.254852
0.227829,-0.230195
0.246878,-0.203536
0.263697,-0.175041
0.278056,-0.144915
0.289747,-0.1134
0.298595,-0.0807732
0.304459,-0.0473405
0.307247,-0.0134297
0.306913,0.0206173
0.303461,0.0544552
0.296948,0.0877443
0.287478,0.120161
0.275197,0.151403
0.26029,0.181203
0.24297,0.209324
0.22347,0.23557
0.202039,0.259782
0.178929,0.28184
0.154396,0.301658
0.128687,0.319184
0.102043,0.334394
0.0746908,0.34729
0.0468441,0.357894
0.0187012,0.366246
-0.00955525,0.3724
-0.0377583,0.376423
-0.0657561,0.378389
-0.0934114,0.378378
-0.120601,0.376475
-0.147213,0.372768
-0.17315,0.367347
-0.198322,0.360303
-0.22265,0.351725
-0.246066,0.341704
-0.268507,0.330329
-0.289918,0.317685
-0.310251,0.303859
-0.329463,0.288935
-0.347516,0.272994
-0.364377,0.256117
-0.380019,0.238382
-0.394414,0.219865
-0.407541,0.20064
-0.419382,0.180782
-0.429919,0.160362
-0.43914,0.139451
-0.447031,0.118117
-0.453585,0.0964302
-0.458791,0.0744566
-0.462646,0.0522634
-0.465143,0.029917
-0.466281,0.00748304
-0.466058,-0.0149727
-0.464475,-0.0373848
-0.461533,-0.0596875
-0.457235,-0.0818148
-0.451587,-0.1037
-0.444596,-0.125277
-0.436269,-0.146478
-0.426617,-0.167234
-0.415653,-0.187475
-0.403391,-0.20713
-0.389849,-0.226128
-0.375047,-0.244395
-0.359007,-0.261854
-0.341757,-0.278431
-0.323325,-0.294045
-0.303748,-0.308616
-0.283063,-0.322062
-0.261316,-0.334298
-0.238558,-0.345239
-0.214844,-0.354797
-0.190239,-0.362882
-0.164817,-0.369407
-0.138658,-0.374279
-0.111855,-0.377408
-0.08451,-0.378707
-0.0567378,-0.378086
-0.0286662,-0.375464
-0.000436893,-0.37076
0.0277936,-0.363904
0.0558536,-0.354833
0.0835555,-0.343496
0.110696,-0.32986
0.137058,-0.313908
0.162409,-0.295645
0.186507,-0.275105
0.209101,-0.25235
0.229937,-0.227475
0.248762,-0.200614
0.265332,-0.171936
0.279418,-0.141651
0.290818,-0.110006
0.299356,-0.077279
0.3049,-0.04378
0.307359,-0.00983864
0.306695,0.0242026
0.302917,0.0579984
0.296086,0.0912104
0.286311,0.123517
0.273745,0.154619
0.258573,0.184252
0.241011,0.212184
0.221295,0.238223
0.199675,0.262213
0.176403,0.284037
0.151734,0.303616
0.125915,0.320898
0.0991857,0.335863
0.0717714,0.348515
0.0438843,0.358879
0.0157209,0.366996
-0.0125376,0.372923
-0.040726,0.376725
-0.068694,0.378478
-0.0963058,0.378263
-0.123439,0.376165
-0.149985,0.372273
-0.175845,0.366677
-0.200931,0.359466
-0.225167,0.350732
-0.248483,0.340564
-0.270817,0.32905
-0.292117,0.316277
-0.312333,0.302332
-0.331424,0.287296
-0.349353,0.271253
-0.366087,0.254281
-0.381598,0.23646
-0.39586,0.217864
-0.408853,0.198569
-0.420556,0.178649
-0.430955,0.158173
-0.440036,0.137214
-0.447787,0.11584
-0.454198,0.0941192
-0.459262,0.0721192
-0.462973,0.0499067
-0.465327,0.0275478
-0.466321,0.00510845
-0.465955,-0.0173458
-0.464227,-0.0397495
-0.461142,-0.0620367
-0.456701,-0.0841417
-0.450911,-0.105998
-0.443778,-0.127538
-0.435311,-0.148695
-0.42552,-0.1694
-0.414418,-0.189582
-0.40202,-0.209172
-0.388344,-0.228096
-0.373409,-0.246281
-0.35724,-0.263651
-0.339863,-0.280129
-0.321309,-0.295637
-0.301613,-0.310093
-0.280814,-0.323415
-0.258957,-0.335518
-0.236095,-0.346317
-0.212284,-0.355723
-0.187589,-0.363648
-0.162085,-0.370002
-0.135854,-0.374694
-0.108989,-0.377635
-0.0815928,-0.378734
-0.0537827,-0.377906
-0.0256876,-0.375067
0.00254936,-0.370139
0.0307702,-0.363052
0.0588014,-0.353743
0.0864538,-0.342165
0.113523,-0.328285
0.139789,-0.312088
0.165019,-0.293583
0.18897,-0.272805
0.21139,-0.24982
0.232025,-0.224729
0.250623,-0.197667
0.266941,-0.168809
0.280753,-0.138369
0.291857,-0.106595
0.300085,-0.0737716
0.305306,-0.04021
0.307437,-0.00624178
0.306442,0.0277898
0.302337,0.0615397
0.29519,0.0946709
0.285113,0.126863
0.272261,0.157823
0.256826,0.187286
0.239025,0.215027
0.219096,0.240855
0.197289,0.264621
0.173858,0.286212
0.149056,0.30555
0.12313,0.322588
0.0963171,0.337308
0.068843,0.349717
0.0409175,0.359841
0.0127357,0.367724
-0.0155231,0.373422
-0.0436951,0.377004
-0.0716317,0.378545
-0.0991986,0.378127
-0.126275,0.375835
-0.152753,0.371759
-0.178535,0.365987
-0.203535,0.358611
-0.227677,0.349721
-0.250891,0.339407
-0.273119,0.327756
-0.294306,0.314855
-0.314406,0.30079
-0.333375,0.285644
-0.35118,0.269499
-0.367785,0.252433
-0.383165,0.234526
-0.397294,0.215853
-0.410151,0.196489
-0.421718,0.176506
-0.431978,0.155976
-0.440918,0.13497
-0.448528,0.113556
-0.454797,0.091802
-0.459718,0.0697764
-0.463286,0.0475452
-0.465496,0.0251747
-0.466346,0.00273063
-0.465835,-0.0197214
-0.463964,-0.0421159
-0.460735,-0.064387
-0.456152,-0.0864688
-0.450219,-0.108295
-0.442944,-0.129798
-0.434336,-0.15091
-0.424406,-0.171563
-0.413166,-0.191686
-0.400632,-0.211208
-0.386822,-0.230058
-0.371755,-0.24816
-0.355457,-0.265439
-0.337954,-0.281819
-0.319277,-0.297219
-0.299462,-0.311559
-0.27855,-0.324756
-0.256584,-0.336725
-0.233618,-0.347381
-0.209711,-0.356635
-0.184927,-0.364398
-0.159342,-0.37058
-0.133039,-0.375091
-0.106112,-0.377841
-0.0786672,-0.37874
-0.0508207,-0.377703
-0.0227036,-0.374647
0.00553929,-0.369494
0.0337484,-0.362174
0.0617487,-0.352627
0.0893492,-0.340807
0.116344,-0.326682
0.142511,-0.31024
0.167618,-0.291492
0.191419,-0.270477
0.213662,-0.247264
0.234093,-0.221958
0.252461,-0.194697
0.268524,-0.165661
0.282059,-0.135067
0.292867,-0.103168
0.300782,-0.0702514
0.305679,-0.0366308
0.30748,-0.00263956
0.306154,0.0313785
0.301724,0.0650787
0.29426,0.0981253
0.283881,0.130201
0.270747,0.161014
0.25505,0.190305
0.237013,0.217852
0.216874,0.243469
0.194882,0.267009
0.171294,0.288365
0.146361,0.307461
0.12033,0.324254
0.0934373,0.338729
0.0659056,0.350894
0.037944,0.360779
0.00974575,0.368428
-0.0185114,0.373899
-0.0466654,0.377261
-0.0745691,0.378591
-0.10209,0.37797
-0.129108,0.375485
-0.155516,0.371225
-0.18122,0.365279
-0.206132,0.357739
-0.230179,0.348693
-0.253292,0.338233
-0.275412,0.326445
-0.296486,0.313418
-0.316468,0.299234
-0.335316,0.283978
-0.352995,0.267732
-0.369472,0.250574
-0.384721,0.232582
-0.398716,0.213832
-0.411437,0.194399
-0.422866,0.174354
-0.432987,0.153771
-0.441787,0.132718
-0.449255,0.111264
-0.455381,0.0894788
-0.460159,0.0674282
-0.463583,0.0451792
-0.46565,0.0227977
-0.466356,0.00034964
-0.465701,-0.0220994
-0.463686,-0.044484
-0.460313,-0.0667382
-0.455586,-0.088796
-0.449511,-0.110591
-0.442094,-0.132056
-0.433346,-0.153123
-0.423276,-0.173723
-0.411898,-0.193785
-0.399228,-0.21324
-0.385284,-0.232014
-0.370086,-0.250032
-0.353659,-0.26722
-0.33603,-0.283499
-0.317231,-0.298791
-0.297297,-0.313014
-0.276271,-0.326085
-0.254197,-0.337919
-0.231128,-0.34843
-0.207125,-0.35753
-0.182252,-0.36513
-0.156587,-0.371139
-0.130214,-0.375468
-0.103227,-0.378026
-0.0757333,-0.378724
-0.0478518,-0.377477
-0.0197144,-0.374202
0.00853269,-0.368823
0.0367282,-0.36127
0.0646953,-0.351484
0.0922416,-0.339421
0.119159,-0.32505
0.145226,-0.308363
0.170206,-0.289373
0.193854,-0.268121
0.215917,-0.244682
0.236141,-0.21916
0.254276,-0.191703
0.270082,-0.162491
0.283336,-0.131746
0.293844,-0.099725
0.301445,-0.0667187
0.306017,-0.0330429
0.307487,0.000967604
0.305831,0.0349682
0.301075,0.0686148
0.293296,0.101573
0.282617,0.133528
0.269202,0.164192
0.253246,0.193308
0.234975,0.220659
0.214627,0.246062
0.192455,0.269376
0.168712,0.290495
0.143651,0.309348
0.117518,0.325896
0.0905467,0.340125
0.0629597,0.352048
0.034964,0.361693
0.00675128,0.369108
-0.0215025,0.374352
-0.0496367,0.377495
-0.077506,0.378614
-0.104979,0.377792
-0.131937,0.375114
-0.158275,0.370671
-0.183899,0.364552
-0.208724,0.356848
-0.232674,0.347648
-0.255685,0.337043
-0.277696,0.32512
-0.298657,0.311965
-0.31852,0.297664
-0.337246,0.2823
-0.354799,0.265953
-0.371147,0.248702
-0.386264,0.230626
-0.400125,0.2118
-0.41271,0.192299
-0.424001,0.172194
-0.433982,0.151557
-0.442641,0.130458
-0.449967,0.108967
-0.455951,0.0871497
-0.460586,0.0650748
-0.463866,0.0428085
-0.465788,0.0204169
-0.46635,-0.00203443
-0.465551,-0.0244798
-0.463392,-0.0468536
-0.459875,-0.0690902
-0.455005,-0.0911233
-0.448787,-0.112886
-0.441228,-0.134312
-0.432339,-0.155333
-0.42213,-0.175879
-0.410614,-0.195881
-0.397808,-0.215267
-0.38373,-0.233964
-0.3684,-0.251898
-0.351844,-0.268993
-0.334089,-0.285171
-0.315168,-0.300353
-0.295117,-0.314458
-0.273977,-0.327401
-0.251795,-0.3391
-0.228624,-0.349465
-0.204525,-0.35841
-0.179565,-0.365846
-0.153821,-0.371681
-0.127377,-0.375826
-0.100332,-0.378191
-0.0727914,-0.378687
-0.0448763,-0.377228
-0.0167201,-0.373734
0.0115294,-0.368126
0.0397092,-0.360339
0.067641,-0.350314
0.0951307,-0.338007
0.121969,-0.323391
0.147931,-0.306458
0.172782,-0.287226
0.196273,-0.265738
0.218154,-0.242072
0.238168,-0.216338
0.256067,-0.188685
0.271612,-0.159299
0.284584,-0.128406
0.294791,-0.0962666
0.302075,-0.0631739
0.306321,-0.0294465
0.30746,0.00457931
0.305472,0.0385586
0.300391,0.0721478
0.292298,0.105014
0.281321,0.136846
