-0.0219996,1.99988
-0.0220211,1.99988
-0.0220858,1.99988
-0.0221936,1.99988
-0.0223445,1.99988
-0.0225385,1.99987
-0.0227756,1.99987
-0.0230557,1.99987
-0.0233788,1.99986
-0.0237448,1.99986
-0.0241535,1.99985
-0.0246047,1.99985
-0.0250982,1.99984
-0.0256335,1.99983
-0.0262102,1.99982
-0.0268277,1.99981
-0.0274851,1.9998
-0.0281814,1.99978
-0.0289155,1.99976
-0.0296857,1.99974
-0.0304904,1.99972
-0.0313272,1.99969
-0.0321936,1.99965
-0.0330864,1.99961
-0.0340018,1.99956
-0.0349357,1.9995
-0.0358827,1.99942
-0.036837,1.99933
-0.0377916,1.99921
-0.0387385,1.99906
-0.0396684,1.99888
-0.0405707,1.99865
-0.0414331,1.99837
-0.0422418,1.99801
-0.042981,1.99757
-0.0436329,1.997
-0.0441774,1.99629
-0.0445924,1.9954
-0.0448532,1.99428
-0.0449329,1.99287
-0.0448027,1.9911
-0.0444317,1.98887
-0.0437883,1.98609
-0.0428404,1.98263
-0.0415572,1.97832
-0.0399105,1.97298
-0.0378772,1.96641
-0.0354411,1.95837
-0.0325959,1.94859
-0.0293472,1.93679
-0.0257149,1.92267
-0.0217339,1.90591
-0.0174552,1.88622
-0.0129446,1.86329
-0.0082818,1.83684
-0.00355794,1.80661
0.00112685,1.77239
0.00566603,1.73398
0.00994908,1.6912
0.0138637,1.64394
0.0172977,1.59207
0.0201408,1.53552
0.0222866,1.47424
0.0236344,1.4082
0.0240923,1.33739
0.0235808,1.26181
0.0220393,1.18151
0.0194346,1.09654
0.0157743,1.00698
0.0111263,0.912948
0.00564773,0.814578
-0.000375072,0.712047
-0.00647346,0.605561
-0.0119335,0.495359
-0.0157367,0.381695
-0.0165357,0.264815
-0.0127141,0.144921
-0.00257855,0.0221197
0.015318,-0.103616
0.0418137,-0.232461
0.0768959,-0.364714
0.119695,-0.500725
0.168696,-0.640806
0.222029,-0.785139
0.277696,-0.933711
0.333668,-1.08624
0.387831,-1.24208
0.437787,-1.39996
0.480449,-1.55746
0.511216,-1.70944
0.522419,-1.84377
0.502688,-1.93004
0.451362,-1.92359
0.391221,-1.83251
0.33656,-1.69962
0.288787,-1.54895
0.246699,-1.39088
0.209035,-1.23027
0.174797,-1.06967
0.143244,-0.910541
0.113873,-0.753706
0.0864294,-0.599627
0.0609478,-0.44852
0.0377919,-0.300455
0.0176395,-0.155468
0.00135107,-0.0136643
-0.0102686,0.124704
-0.0167049,0.259249
-0.0178341,0.389525
-0.013866,0.515112
-0.00521142,0.63567
0.00764075,0.750946
0.0242024,0.86076
0.0440239,0.964991
0.066706,1.06355
0.0918993,1.15639
0.119298,1.24346
0.148633,1.32474
0.179665,1.4002
0.212178,1.46983
0.245974,1.53363
0.280871,1.5916
0.316698,1.64376
0.353294,1.69011
0.390508,1.73071
0.428194,1.7656
0.466217,1.79485
0.504453,1.81857
0.542791,1.83688
0.581136,1.84992
0.619418,1.8579
0.65759,1.86101
0.695634,1.85947
0.733555,1.8535
0.771381,1.84329
0.809146,1.82899
0.846888,1.81071
0.884626,1.7885
0.922363,1.76238
0.960067,1.73228
0.997676,1.69814
1.03509,1.65986
1.07219,1.61732
1.1088,1.57043
1.14474,1.51909
1.17981,1.46322
1.21378,1.40276
1.24641,1.3377
1.27744,1.26804
1.30661,1.19382
1.33366,1.11514
1.35831,1.0321
1.3803,0.944877
1.39938,0.853679
1.41533,0.758761
1.42794,0.660417
1.43709,0.558977
1.44269,0.454795
1.44472,0.348232
1.44329,0.239633
1.43855,0.129304
1.43077,0.0174807
1.42029,-0.0956954
1.4075,-0.210192
1.39282,-0.326092
1.37664,-0.443569
1.35931,-0.562852
1.34109,-0.684159
1.32216,-0.807609
1.30258,-0.933113
1.28225,-1.06022
1.26093,-1.18791
1.23799,-1.3142
1.21213,-1.43547
1.18049,-1.54522
1.137,-1.63272
1.07204,-1.68603
0.979468,-1.70363
0.863188,-1.69703
0.731034,-1.67812
0.588979,-1.6539
0.440599,-1.62793
0.28782,-1.60185
0.131506,-1.57624
-0.0281517,-1.55089
-0.191314,-1.52494
-0.358195,-1.49704
-0.528779,-1.46545
-0.702603,-1.42823
-0.878631,-1.38339
-1.0552,-1.32904
-1.22996,-1.2633
-1.3996,-1.1841
-1.55918,-1.08883
-1.70068,-0.974062
-1.81124,-0.836705
-1.87613,-0.678557
-1.89076,-0.509732
-1.86419,-0.341886
-1.80834,-0.181835
-1.73189,-0.0325538
-1.64045,0.104655
-1.53775,0.229101
-1.42645,0.340321
-1.30866,0.437939
-1.18616,0.521637
-1.06058,0.591154
-0.933493,0.646305
-0.806423,0.687005
-0.680914,0.713289
-0.558522,0.725338
-0.440822,0.7235
-0.329395,0.708309
-0.225827,0.68051
-0.131685,0.641077
-0.0484938,0.591238
0.0222947,0.532504
0.0793539,0.46669
0.121546,0.39593
0.148007,0.322687
0.158245,0.249726
0.152253,0.180058
0.130615,0.116842
0.0945953,0.0632332
0.0461787,0.0221845
-0.0119523,-0.00378115
-0.0765293,-0.0128035
-0.143898,-0.00388073
-0.210292,0.0230144
-0.272139,0.0669296
-0.326344,0.126051
-0.370505,0.197924
-0.403011,0.279722
-0.423032,0.36853
-0.430422,0.461564
-0.425564,0.556332
-0.409208,0.650715
-0.382321,0.742985
-0.345965,0.83178
-0.301212,0.916063
-0.24909,0.995062
-0.19055,1.06822
-0.126451,1.13514
-0.0575603,1.19555
0.015448,1.24928
0.0919805,1.2962
0.171518,1.33625
0.253604,1.36939
0.337839,1.39558
0.423864,1.41483
0.51136,1.4271
0.600037,1.43238
0.689623,1.43064
0.77986,1.42183
0.870495,1.4059
0.961271,1.38275
1.05192,1.35229
1.14214,1.31438
1.2316,1.26886
1.31993,1.21555
1.40668,1.15425
1.49131,1.08472
1.57317,1.00673
1.6515,0.920052
1.72535,0.824461
1.79357,0.719809
1.85481,0.606048
1.9075,0.483308
1.9499,0.351985
1.98019,0.212832
1.99673,0.0670137
1.99824,-0.083908
1.98405,-0.238106
1.95418,-0.393682
1.90924,-0.548858
1.85022,-0.702088
1.77831,-0.852077
1.69469,-0.99774
1.60046,-1.13812
1.49654,-1.27228
1.38367,-1.39923
1.26236,-1.51778
1.13291,-1.62644
0.995465,-1.72345
0.850059,-1.80679
0.696804,-1.87457
0.536051,-1.92541
0.368506,-1.95884
0.195208,-1.97525
0.0173981,-1.97553
-0.163592,-1.9606
-0.346379,-1.9311
-0.529476,-1.88727
-0.711193,-1.82897
-0.889514,-1.75576
-1.062,-1.66707
-1.22571,-1.56247
-1.3773,-1.44195
-1.51327,-1.30629
-1.63055,-1.15743
-1.72711,-0.998381
-1.80243,-0.832857
-1.85737,-0.664596
-1.89373,-0.49684
-1.91372,-0.332111
-1.9196,-0.172226
-1.9135,-0.0184131
-1.89728,0.128546
-1.87259,0.268198
-1.8408,0.400325
-1.8031,0.524875
-1.76049,0.641907
-1.71382,0.751559
-1.66378,0.854018
-1.61098,0.949505
-1.55591,1.03826
-1.49901,1.12053
-1.44063,1.19657
-1.38107,1.26663
-1.32057,1.33095
-1.25936,1.38977
-1.1976,1.44331
-1.13543,1.49177
-1.07296,1.53534
-1.01029,1.57417
-0.947463,1.6084
-0.884542,1.63813
-0.821558,1.66342
-0.758539,1.68432
-0.695505,1.70084
-0.632481,1.71296
-0.569492,1.72062
-0.506576,1.72376
-0.443782,1.72227
-0.381173,1.71604
-0.318834,1.70496
-0.256871,1.68888
-0.195413,1.66769
-0.134615,1.64124
-0.0746594,1.60941
-0.0157607,1.57207
0.0418335,1.52913
0.0978368,1.48049
0.151919,1.42607
0.203699,1.36583
0.252734,1.29974
0.29851,1.22782
0.340427,1.15014
0.377784,1.06687
0.409764,0.978257
0.435412,0.884705
0.453635,0.786824
0.463191,0.685501
0.462724,0.581994
0.45082,0.478041
0.426131,0.375962
0.387578,0.278735
0.334623,0.189978
0.267605,0.113793
0.188037,0.0544014
0.0987579,0.0155978
0.00380568,0.000111271
-0.0920279,0.00906953
-0.183871,0.041762
-0.267468,0.0957978
-0.339689,0.167594
-0.398713,0.253009
-0.443936,0.34792
-0.475683,0.448623
-0.494885,0.552032
-0.50279,0.655711
-0.500746,0.757822
-0.490072,0.857019
-0.471983,0.952344
-0.447563,1.04313
-0.417755,1.12893
-0.383376,1.20945
-0.345125,1.28452
-0.303602,1.35403
-0.259326,1.41795
-0.212741,1.4763
-0.164236,1.52912
-0.114145,1.57649
-0.0627626,1.61851
-0.0103442,1.65529
0.0428884,1.68697
0.0967441,1.7137
0.15106,1.73563
0.205702,1.75294
0.260558,1.76578
0.315544,1.77432
0.370595,1.7787
0.425668,1.77908
0.480737,1.77557
0.535788,1.76826
0.59082,1.75723
0.645838,1.74251
0.700851,1.7241
0.755866,1.70198
0.810886,1.67608
0.86591,1.64631
0.920925,1.61254
0.975909,1.57463
1.03083,1.53242
1.08563,1.48571
1.14025,1.43431
1.1946,1.37802
1.2486,1.31661
1.30213,1.24986
1.35503,1.17755
1.40713,1.09945
1.45824,1.01532
1.5081,0.924902
1.5564,0.827946
1.60276,0.724182
1.6467,0.613337
1.68764,0.495144
1.72486,0.36935
1.75746,0.23575
1.78433,0.094217
1.80413,-0.0552428
1.81522,-0.212418
1.81563,-0.37679
1.80297,-0.547391
1.77438,-0.72258
1.72651,-0.899723
1.65564,-1.07478
1.55848,-1.24201
1.43361,-1.39453
1.28325,-1.52631
1.11298,-1.63444
0.929549,-1.71942
0.738837,-1.78369
0.545215,-1.8302
0.351743,-1.86173
0.160535,-1.88062
-0.0269225,-1.8887
-0.209495,-1.8872
-0.386146,-1.87667
-0.555697,-1.85684
-0.71663,-1.82654
-0.867028,-1.78366
-1.00488,-1.72559
-1.12888,-1.65042
-1.23921,-1.5583
-1.33751,-1.45162
-1.4259,-1.33384
-1.50618,-1.20814
-1.5796,-1.07697
-1.64685,-0.941998
-1.70821,-0.80436
-1.76366,-0.664843
-1.81295,-0.524047
-1.85566,-0.382488
-1.89123,-0.240685
-1.91901,-0.0992025
-1.93822,0.0413031
-1.94802,0.180047
-1.94749,0.316069
-1.93568,0.448192
-1.91178,0.575006
-1.87538,0.694931
-1.82665,0.806402
-1.7665,0.908128
-1.69643,0.999287
-1.61819,1.07955
-1.53349,1.14898
-1.44385,1.20784
-1.3505,1.25648
-1.25445,1.29527
-1.15653,1.32455
-1.0574,1.34458
-0.957645,1.3556
-0.857772,1.35777
-0.75826,1.35123
-0.659572,1.33605
-0.562187,1.31228
-0.466616,1.27994
-0.373424,1.23903
-0.283259,1.18954
-0.196877,1.13146
-0.115175,1.06481
-0.0392327,0.989673
0.0296502,0.906244
0.0899091,0.814892
0.139682,0.716276
0.176802,0.61148
0.198845,0.502191
0.203273,0.390896
0.187718,0.281039
0.150443,0.177048
0.0909081,0.0840859
0.0103006,0.00741874
-0.0882679,-0.0485296
-0.200117,-0.0811481
-0.319874,-0.0901822
-0.442509,-0.0775814
-0.564084,-0.0467762
-0.682016,-0.00178354
-0.794921,0.0535077
-0.902288,0.115736
-1.00414,0.182198
-1.10075,0.250819
-1.19251,0.320054
-1.27974,0.388774
-1.36271,0.456166
-1.44149,0.521643
-1.51595,0.584777
-1.58563,0.645222
-1.6496,0.70263
-1.70615,0.756496
-1.75234,0.805851
-1.78352,0.848683
-1.79371,0.88124
-1.77879,0.898631
-1.7406,0.89789
-1.68552,0.879771
-1.61974,0.84696
-1.54745,0.802147
-1.47121,0.747481
-1.39262,0.684645
-1.3127,0.615041
-1.23214,0.539938
-1.15147,0.460591
-1.07108,0.378319
-0.991352,0.294553
-0.912662,0.210839
-0.835468,0.128779
-0.760358,0.0498781
-0.688058,-0.0246879
-0.619369,-0.0943774
-0.554971,-0.159553
-0.495093,-0.221608
-0.439104,-0.282842
-0.385152,-0.346034
-0.330018,-0.413767
-0.269318,-0.487649
-0.198142,-0.567664
-0.112024,-0.651923
-0.00796295,-0.736985
0.11492,-0.818697
0.255349,-0.893199
0.410464,-0.957673
0.576657,-1.01057
0.750276,-1.05136
0.928007,-1.08001
1.10685,-1.09633
1.28366,-1.09932
1.45409,-1.08613
1.60969,-1.0505
1.73152,-0.981493
1.78872,-0.872221
1.77207,-0.738452
1.7045,-0.601757
1.60668,-0.471562
1.48951,-0.350882
1.35861,-0.240953
1.21706,-0.142723
1.06672,-0.0573624
0.908864,0.0134506
0.744666,0.0673033
0.575627,0.100861
0.404173,0.10987
0.234261,0.0896617
0.0715967,0.0365004
-0.0772423,-0.0504795
-0.206867,-0.168119
-0.314902,-0.310191
-0.402054,-0.469775
-0.470731,-0.641102
-0.523562,-0.82006
-0.562524,-1.00382
-0.58857,-1.19018
-0.601421,-1.37679
-0.599185,-1.56008
-0.577461,-1.7328
-0.527717,-1.87713
-0.44039,-1.95086
-0.328422,-1.91636
-0.219281,-1.8058
-0.121538,-1.65979
-0.0352077,-1.49677
0.0401932,-1.32451
0.104282,-1.14671
0.15556,-0.965486
0.191262,-0.782561
0.207295,-0.600221
0.198509,-0.422231
0.159708,-0.254608
0.0875599,-0.105601
-0.0173145,0.01581
-0.14963,0.102589
-0.30098,0.151755
-0.462513,0.164513
-0.626932,0.144771
-0.789114,0.0973738
-0.945788,0.026921
-1.09488,-0.0627542
-1.23489,-0.168668
-1.36438,-0.288561
-1.48141,-0.420682
-1.5829,-0.563466
-1.66329,-0.714893
-1.71193,-0.870729
-1.70906,-1.01946
-1.63397,-1.13709
-1.49742,-1.20786
-1.32988,-1.24075
-1.1497,-1.24829
-0.965112,-1.2376
-0.780565,-1.21212
-0.599343,-1.17349
-0.424527,-1.12274
-0.259204,-1.06098
-0.106232,-0.989987
0.0322801,-0.912395
0.155605,-0.831538
0.264806,-0.750874
0.362675,-0.673213
0.453138,-0.600106
0.540378,-0.53167
0.628001,-0.466906
0.718537,-0.404311
0.813325,-0.3425
0.912694,-0.28064
1.01628,-0.21859
1.12333,-0.156831
1.23287,-0.096278
1.34385,-0.0380925
1.45507,0.0164433
1.56515,0.0659794
1.67226,0.109077
1.77376,0.144128
1.86537,0.169251
1.93966,0.182362
1.9847,0.182177
1.98813,0.170964
1.94993,0.154802
1.88247,0.138201
1.79765,0.12215
1.70254,0.106185
1.60096,0.0896766
1.49491,0.0721735
1.38548,0.053451
1.27324,0.0335103
1.15845,0.0125835
1.04118,-0.00884045
0.9214,-0.0299662
0.799065,-0.0496217
0.674203,-0.0661768
0.547067,-0.0774815
0.418334,-0.0808863
0.289317,-0.0734434
0.162106,-0.0523776
0.0394381,-0.0157899
-0.0757709,0.0366823
-0.181115,0.103653
-0.275221,0.182392
-0.357855,0.269592
-0.429662,0.362055
-0.491775,0.457091
-0.545488,0.55262
-0.592056,0.647116
-0.6326,0.739493
-0.668077,0.828991
-0.699287,0.915082
-0.726896,0.997403
-0.751454,1.0757
-0.77342,1.14981
-0.79318,1.21962
-0.811063,1.28506
-0.82735,1.34608
-0.842283,1.40268
-0.856076,1.45485
-0.868917,1.50262
-0.880969,1.54602
-0.892377,1.58507
-0.903264,1.61983
-0.913731,1.65032
-0.923858,1.6766
-0.933696,1.69867
-0.943263,1.71654
-0.952547,1.73015
-0.961498,1.73942
-0.970034,1.74417
-0.978052,1.7442
-0.985445,1.73923
-0.99212,1.72897
-0.998024,1.71315
-1.00315,1.69154
-1.00753,1.66399
-1.01124,1.63042
-1.01438,1.59086
-1.01704,1.54535
-1.01933,1.49401
-1.02134,1.43699
-1.02314,1.37445
-1.02481,1.3066
-1.02639,1.23365
-1.02791,1.15585
-1.02941,1.07346
-1.0309,0.986766
-1.03238,0.896082
-1.03387,0.80171
-1.03539,0.703938
-1.03698,0.602996
-1.03866,0.499
-1.04048,0.391878
-1.0424,0.281295
-1.04424,0.166585
-1.04554,0.0467359
-1.04541,-0.0795402
-1.0424,-0.21362
-1.03446,-0.35668
-1.01907,-0.509359
-0.993462,-0.671477
-0.954996,-0.841906
-0.901432,-1.01861
-0.831085,-1.19878
-0.742738,-1.37895
-0.635361,-1.55474
-0.507668,-1.72
-0.357757,-1.8644
-0.184102,-1.96799
0.00730885,-1.99868
0.195596,-1.94226
0.36404,-1.82499
0.510083,-1.67533
0.635286,-1.50883
0.741057,-1.33385
0.828375,-1.15573
0.898194,-0.97848
0.951815,-0.805363
0.991097,-0.638945
1.01845,-0.480973
1.03659,-0.332249
1.04827,-0.192651
1.05585,-0.061334
1.06118,0.0629538
1.06549,0.181537
1.06952,0.29556
1.07359,0.405851
1.07784,0.512887
1.08225,0.616843
1.08679,0.717661
1.09139,0.815131
1.09603,0.908954
1.10067,0.998792
1.10526,1.08429
1.10976,1.1651
1.11413,1.24089
1.11828,1.31133
1.12212,1.37611
1.12553,1.4349
1.12835,1.4874
1.13039,1.53331
1.13142,1.57233
1.1312,1.60422
1.12947,1.62882
1.12599,1.6461
1.12064,1.65621
1.11338,1.65947
1.10432,1.65634
1.09363,1.64728
1.08153,1.63275
1.06822,1.6131
1.05387,1.58859
1.03858,1.5594
1.02241,1.52565
1.00535,1.48741
0.987364,1.44472
0.968375,1.39761
0.948267,1.34609
0.926893,1.29019
0.90407,1.22993
0.87958,1.16535
0.853159,1.09652
0.824495,1.02353
0.793214,0.94653
0.758867,0.865713
0.720911,0.781371
0.678693,0.693917
0.631427,0.603944
0.57818,0.512297
0.517875,0.420165
0.449329,0.329206
0.371363,0.241647
0.283023,0.160325
0.183909,0.0885421
0.0745409,0.0296327
-0.0434414,-0.013767
-0.167459,-0.0404659
-0.294569,-0.0510657
-0.422133,-0.047684
-0.54824,-0.03326
-0.671775,-0.010852
-0.792249,0.0168177
-0.90957,0.0475456
-1.02385,0.0796549
-1.13525,0.111924
-1.24392,0.1435
-1.3499,0.173816
-1.45309,0.202537
-1.55315,0.229514
-1.64936,0.254762
-1.7404,0.278432
-1.82385,0.300752
-1.8953,0.321824
-1.94699,0.340959
-1.96799,0.35525
-1.95095,0.359232
-1.90051,0.348882
-1.82787,0.324374
-1.74204,0.28791
-1.64851,0.241746
-1.55057,0.18775
-1.45028,0.127488
-1.34912,0.0623416
-1.24822,-0.00640388
-1.14855,-0.0775486
-1.05098,-0.15003
-0.956287,-0.223046
-0.865052,-0.296229
-0.777479,-0.369814
-0.693113,-0.444696
-0.610543,-0.522278
-0.527237,-0.60405
-0.439659,-0.690976
-0.343772,-0.782915
-0.235836,-0.878327
-0.113241,-0.974454
0.0249683,-1.0679
0.178072,-1.15535
0.344077,-1.23402
0.520295,-1.30181
0.703775,-1.35695
0.891416,-1.3973
1.07946,-1.41927
1.26168,-1.41572
1.42422,-1.37285
1.53859,-1.2738
1.58252,-1.1253
1.5689,-0.956378
1.51847,-0.785397
1.44342,-0.619712
1.35001,-0.462732
1.24165,-0.316766
1.12039,-0.184045
0.987691,-0.0671688
0.845039,0.0306564
0.694446,0.105521
0.539025,0.152915
0.383569,0.168155
0.234918,0.147257
0.101781,0.0882281
-0.0063772,-0.00758765
-0.0814177,-0.134854
-0.118796,-0.285023
-0.118713,-0.448482
-0.0853705,-0.616918
-0.0249695,-0.784591
0.0562342,-0.948254
0.153051,-1.1063
0.261671,-1.25778
0.379521,-1.40148
0.504895,-1.53495
0.636319,-1.65281
0.770759,-1.74277
0.896914,-1.77709
0.984211,-1.72036
1.01392,-1.5888
1.00164,-1.42645
0.963288,-1.25491
0.907122,-1.08234
0.837183,-0.91241
0.755334,-0.747258
0.662124,-0.588703
0.55718,-0.438871
0.439513,-0.300696
0.308,-0.17828
0.162232,-0.0767762
0.00354628,-0.00131275
-0.164573,0.0448877
-0.337405,0.0618461
-0.510557,0.052387
-0.680887,0.0205218
-0.846481,-0.0299389
-1.00616,-0.0959898
-1.15901,-0.175483
-1.30392,-0.26696
-1.43928,-0.369436
-1.56238,-0.482154
-1.66832,-0.604166
-1.74766,-0.733182
-1.78182,-0.861809
-1.7451,-0.970487
-1.63769,-1.03925
-1.49048,-1.07192
-1.32589,-1.08065
-1.15377,-1.07292
-0.978867,-1.05218
-0.804257,-1.01968
-0.632774,-0.97551
-0.467631,-0.919304
-0.312653,-0.850889
-0.172143,-0.770925
-0.0503273,-0.681453
0.0495535,-0.58607
0.126186,-0.489522
0.180692,-0.396738
0.216409,-0.311704
0.238034,-0.236654
0.250535,-0.171849
0.258236,-0.115877
0.26427,-0.0662417
0.270415,-0.019998
0.277208,0.0257093
0.284226,0.0732694
0.290425,0.124395
0.294488,0.180056
0.295114,0.240523
0.291238,0.305489
0.282159,0.374224
0.267586,0.445753
0.247605,0.518998
0.222602,0.592902
0.19316,0.666503
0.159959,0.738976
0.123693,0.809638
0.0850136,0.877945
0.0444955,0.943471
0.00262388,1.00589
-0.0402078,1.06495
-0.0836909,1.12047
-0.127591,1.1723
-0.171737,1.22036
-0.21601,1.26458
-0.260333,1.3049
-0.304663,1.3413
-0.348984,1.37378
-0.393302,1.40234
-0.437637,1.42699
-0.482023,1.44775
-0.526502,1.46465
-0.571119,1.47771
-0.615924,1.48696
-0.660967,1.49244
-0.706295,1.49416
-0.751949,1.49216
-0.797966,1.48645
-0.844373,1.47704
-0.891189,1.46393
-0.93842,1.44711
-0.98606,1.42658
-1.03409,1.40232
-1.08248,1.37429
-1.13118,1.34248
-1.18013,1.30685
-1.22926,1.26736
-1.27848,1.22398
-1.32769,1.17668
-1.37679,1.12543
-1.42565,1.07021
-1.47416,1.01101
-1.52216,0.947822
-1.56953,0.880652
-1.61608,0.809515
-1.66167,0.734437
-1.70608,0.655458
-1.74908,0.572633
-1.79039,0.486035
-1.82964,0.395762
-1.86635,0.301947
-1.89985,0.20477
-1.92922,0.104479
-1.95319,0.00140582
-1.96997,-0.104014
-1.97727,-0.211257
-1.97238,-0.319787
-1.95278,-0.429202
-1.91687,-0.539374
-1.86459,-0.65046
-1.79711,-0.762736
-1.71605,-0.876416
-1.62292,-0.991544
-1.51872,-1.10795
-1.40397,-1.2252
-1.27868,-1.34255
-1.1425,-1.45886
-0.994835,-1.57245
-0.83498,-1.68097
-0.662346,-1.78121
-0.476705,-1.86887
-0.278604,-1.93821
-0.0700826,-1.98209
0.144357,-1.99289
0.357488,-1.96563
0.561335,-1.90144
0.750257,-1.80713
0.921938,-1.69125
1.07632,-1.56127
1.21443,-1.42283
1.33765,-1.28004
1.44748,-1.13583
1.54534,-0.992262
1.63244,-0.85081
1.70975,-0.712481
1.77792,-0.577983
1.83727,-0.447826
1.88775,-0.322404
1.92896,-0.202043
1.96023,-0.087018
1.98073,0.0224607
1.98972,0.126291
1.98699,0.224521
1.97306,0.317347
1.94922,0.405058
1.91724,0.48795
1.8789,0.566268
1.83579,0.640192
1.78918,0.70985
1.74006,0.775328
1.68913,0.836689
1.63696,0.89398
1.58392,0.947239
1.53033,0.996498
1.47641,1.04179
1.42232,1.08312
1.36819,1.12053
1.3141,1.15404
1.26014,1.18364
1.20633,1.20937
1.15271,1.23122
1.0993,1.2492
1.04609,1.26331
0.993069,1.27356
0.940227,1.27994
0.887538,1.28245
0.834972,1.28107
0.782499,1.27579
0.730086,1.26662
0.677705,1.25354
0.625331,1.23654
0.572946,1.21561
0.520545,1.19076
0.468138,1.16199
0.415758,1.12931
0.363465,1.09273
0.311358,1.05229
0.25958,1.00803
0.208335,0.960011
0.1579,0.908323
0.108642,0.853089
0.0610321,0.794479
0.015664,0.732729
-0.0267405,0.668158
-0.0653307,0.601203
-0.0991463,0.532447
-0.127158,0.462651
-0.148337,0.392785
-0.161745,0.324036
-0.166643,0.257805
-0.162594,0.195667
-0.149552,0.139305
-0.127917,0.0904293
-0.0985475,0.0506724
-0.0627336,0.0214931
-0.0221342,0.0040821
0.0213144,-0.000715499
0.0655129,0.00754014
0.108329,0.0288467
0.147739,0.0627494
0.181969,0.108361
0.209622,0.164417
0.229778,0.229364
0.24204,0.30147
0.246514,0.378956
0.243729,0.460106
0.234518,0.54336
0.219872,0.627365
0.200822,0.710997
0.178339,0.793346
0.15328,0.873698
0.126362,0.951496
0.0981616,1.02632
0.0691266,1.09783
0.0395928,1.1658
0.00980398,1.23005
-0.0200712,1.29044
-0.0499236,1.3469
-0.0796912,1.39936
-0.109349,1.44781
-0.138901,1.49224
-0.168374,1.53268
-0.197814,1.56917
-0.227278,1.60176
-0.256837,1.63053
-0.286567,1.65556
-0.31655,1.67694
-0.346872,1.69478
-0.377616,1.70917
-0.408866,1.72022
-0.440702,1.72802
-0.473195,1.73264
-0.506411,1.73417
-0.540405,1.73265
-0.575218,1.72811
-0.610881,1.72057
-0.647405,1.71002
-0.684789,1.69641
-0.723011,1.6797
-0.76203,1.6598
-0.801787,1.63664
-0.8422,1.6101
-0.883169,1.58006
-0.92457,1.54642
-0.966262,1.50906
-1.00808,1.46785
-1.04986,1.4227
-1.09139,1.37351
-1.13247,1.32021
-1.17288,1.26276
-1.2124,1.20112
-1.2508,1.13531
-1.28785,1.06533
-1.32334,0.991273
-1.35705,0.913214
-1.38881,0.831278
-1.41844,0.745612
-1.44583,0.656384
-1.4709,0.563777
-1.49359,0.467978
-1.51392,0.369169
-1.53195,0.267518
-1.54779,0.163166
-1.56157,0.0562242
-1.57344,-0.0532286
-1.58357,-0.165135
-1.59207,-0.279441
-1.59902,-0.396056
-1.60439,-0.514801
-1.60797,-0.635321
-1.60935,-0.756963
-1.60769,-0.878575
-1.60143,-0.998186
-1.58774,-1.11252
-1.56163,-1.21651
-1.51564,-1.30395
-1.44302,-1.37129
-1.34346,-1.42137
-1.22267,-1.46058
-1.08699,-1.49422
-0.940938,-1.5254
-0.787166,-1.55566
-0.62702,-1.58557
-0.460976,-1.61494
-0.288987,-1.64301
-0.1108,-1.66839
0.0737487,-1.6892
0.264465,-1.70302
0.460564,-1.70701
0.660447,-1.69774
0.861338,-1.67098
1.0585,-1.62116
1.2437,-1.54107
1.40398,-1.42413
1.52611,-1.27148
1.60646,-1.09498
1.65108,-0.908399
1.66796,-0.720914
1.66342,-0.537664
1.64203,-0.361541
1.60722,-0.194244
1.5617,-0.036761
1.50771,0.1104
1.44714,0.247092
1.38161,0.373449
1.31246,0.489816
1.24081,0.596681
1.16753,0.694614
1.09329,0.78421
1.0186,0.86605
0.943803,0.940671
0.869156,1.00854
0.794822,1.07008
0.720911,1.12562
0.647493,1.17543
0.574614,1.21976
0.502306,1.25877
0.430593,1.29262
0.359494,1.32142
0.289029,1.34527
0.219221,1.36424
0.150095,1.37839
0.0816811,1.38777
0.0140179,1.39241
-0.0528495,1.39234
-0.118866,1.38759
-0.183965,1.37817
-0.24807,1.3641
-0.311089,1.34538
-0.372917,1.32205
-0.433434,1.2941
-0.492508,1.26158
-0.549989,1.22452
-0.605718,1.18298
-0.659523,1.13702
-0.711226,1.08673
-0.760644,1.03223
-0.807596,0.973663
-0.851912,0.9112
-0.893438,0.845038
-0.932045,0.775402
-0.967643,0.702539
-1.00019,0.626708
-1.0297,0.54817
-1.05626,0.467171
-1.08001,0.383927
-1.10119,0.298598
-1.12007,0.211272
-1.13699,0.121947
-1.15233,0.030523
-1.16645,-0.0631979
-1.1797,-0.159498
-1.1924,-0.258713
-1.20478,-0.361194
-1.21702,-0.467255
-1.22921,-0.57711
-1.24137,-0.690812
-1.25347,-0.808171
-1.26534,-0.928654
-1.2767,-1.05122
-1.28697,-1.17402
-1.29491,-1.29383
-1.29777,-1.40483
-1.28924,-1.49678
-1.25714,-1.5555
-1.18991,-1.57491
-1.09016,-1.56654
-0.968964,-1.54509
-0.8352,-1.51905
-0.69419,-1.49247
-0.548933,-1.46731
-0.400984,-1.44444
-0.250901,-1.4241
-0.098527,-1.40597
0.0567576,-1.38922
0.215731,-1.37247
0.378993,-1.35388
0.546675,-1.33136
0.718263,-1.30279
0.89257,-1.26625
1.06779,-1.22006
1.24155,-1.16274
1.4107,-1.0927
1.57076,-1.00778
1.7143,-0.904802
1.82843,-0.779946
1.89538,-0.633041
1.9061,-0.473591
1.86996,-0.314891
1.80166,-0.164728
1.71167,-0.0261264
1.60634,0.0997462
1.48963,0.21225
1.36428,0.31083
1.23238,0.394871
1.09579,0.463673
0.956284,0.516455
0.815771,0.552393
0.67639,0.570684
0.540615,0.570635
0.411331,0.551789
0.29188,0.514088
0.186043,0.458082
0.0979594,0.385161
0.0319175,0.297799
-0.00800137,0.199746
-0.0184588,0.0960922
0.00246455,-0.00696166
0.0546067,-0.102719
0.135365,-0.185003
0.239937,-0.24928
0.362207,-0.29344
0.495943,-0.317842
0.635782,-0.324695
0.777706,-0.317152
0.919025,-0.298516
1.05809,-0.271748
1.19393,-0.23924
1.32593,-0.202776
1.45354,-0.163563
1.57602,-0.122288
1.69207,-0.0791451
1.79926,-0.0338567
1.89284,0.0142531
1.96347,0.0657161
1.99551,0.118722
1.97573,0.166129
1.91004,0.20008
1.81531,0.218768
1.70413,0.224019
1.58348,0.218051
1.45727,0.20273
1.32784,0.179648
1.19677,0.150294
1.06521,0.116235
0.934125,0.0792533
0.804357,0.0414834
0.676744,0.00549112
0.552177,-0.0257341
0.431671,-0.0489392
0.316405,-0.0609404
0.207711,-0.0590656
0.106975,-0.0415583
0.0154547,-0.00779956
-0.0659318,0.0417011
-0.136792,0.105493
-0.197355,0.181465
-0.248448,0.267145
-0.291358,0.359976
-0.327624,0.457534
-0.35881,0.557673
-0.386348,0.658587
-0.411435,0.758811
-0.435014,0.857186
-0.457789,0.952809
-0.480264,1.04498
-0.502784,1.13314
-0.525572,1.21687
-0.548762,1.29581
-0.57242,1.36969
-0.596563,1.43826
-0.621171,1.50133
-0.646191,1.5587
-0.67155,1.61022
-0.697151,1.65572
-0.722878,1.69505
-0.748593,1.72809
-0.774142,1.75468
-0.799353,1.77474
-0.824043,1.78819
-0.848029,1.79503
-0.871148,1.79533
-0.89327,1.78924
-0.914314,1.77699
-0.934245,1.75886
-0.953064,1.7351
-0.970778,1.70595
-0.987391,1.6716
-1.00288,1.63218
-1.01719,1.58779
-1.03022,1.53849
-1.04186,1.48433
-1.05194,1.42535
-1.06026,1.3616
-1.06658,1.29314
-1.07062,1.22004
-1.07207,1.14243
-1.07057,1.06047
-1.06569,0.974391
-1.05699,0.884485
-1.04395,0.791165
-1.02601,0.694972
-1.00261,0.596611
-0.973151,0.49699
-0.937112,0.39725
-0.894073,0.298793
-0.843827,0.203274
-0.786493,0.112562
-0.722633,0.0286252
-0.653345,-0.0466461
-0.580285,-0.111692
-0.505574,-0.165559
-0.431579,-0.208142
-0.36058,-0.240306
-0.294392,-0.263851
-0.234031,-0.281295
-0.179492,-0.295532
-0.129689,-0.309432
-0.0825518,-0.32546
-0.0352626,-0.345387
0.0154022,-0.370115
0.0726709,-0.399668
0.139359,-0.433337
0.2175,-0.469979
0.308089,-0.508395
0.411022,-0.547698
0.525215,-0.587539
0.648876,-0.628141
0.779796,-0.670165
0.915568,-0.714495
1.05367,-0.762037
1.19135,-0.813568
1.32534,-0.86958
1.45106,-0.930023
1.5611,-0.993548
1.64165,-1.0551
1.66949,-1.10003
1.63046,-1.10698
1.54553,-1.07528
1.44029,-1.02019
1.32673,-0.953066
1.20961,-0.87993
1.09095,-0.803977
0.971722,-0.726917
0.85244,-0.6496
0.733493,-0.572289
0.615297,-0.49478
0.498436,-0.416455
0.38379,-0.336325
0.272647,-0.253147
0.166722,-0.165656
0.0680044,-0.0729368
-0.0216283,0.025195
-0.100877,0.128027
-0.169319,0.234132
-0.227376,0.341772
-0.276029,0.449285
-0.316495,0.555297
-0.349996,0.658771
-0.37763,0.758968
-0.400336,0.855377
-0.418896,0.947651
-0.433956,1.03556
-0.446048,1.11896
-0.45562,1.19775
-0.46305,1.27189
-0.468661,1.34135
-0.472741,1.40616
-0.475542,1.46632
-0.477296,1.5219
-0.478215,1.57298
-0.4785,1.61963
-0.478339,1.66197
-0.477914,1.70014
-0.477395,1.7343
-0.47695,1.76462
-0.476736,1.79131
-0.476902,1.81459
-0.477586,1.83469
-0.478916,1.85186
-0.481006,1.86636
-0.483954,1.87842
-0.487846,1.88831
-0.492752,1.89623
-0.498728,1.90242
-0.505818,1.90706
-0.514052,1.91032
-0.523455,1.91233
-0.534038,1.91324
-0.54581,1.91312
-0.558772,1.91205
-0.572921,1.91009
-0.588249,1.90727
-0.604745,1.9036
-0.622393,1.89908
-0.641174,1.89369
-0.661063,1.88739
-0.68203,1.88012
-0.704037,1.87179
-0.727041,1.8623
-0.750986,1.85152
-0.77581,1.8393
-0.801439,1.82546
-0.827786,1.80976
-0.854757,1.79197
-0.882248,1.7718
-0.910149,1.74896
-0.938348,1.72313
-0.966734,1.69397
-0.995205,1.66117
-1.02367,1.62441
-1.05204,1.58343
-1.08026,1.53797
-1.10828,1.48784
-1.13605,1.43285
-1.16355,1.3729
-1.19075,1.30788
-1.21764,1.23773
-1.2442,1.1624
-1.27041,1.08186
-1.29623,0.996067
-1.32162,0.904975
-1.3465,0.808498
-1.37079,0.706509
-1.3943,0.598813
-1.41679,0.485138
-1.43791,0.365129
-1.45712,0.23835
-1.47367,0.104319
-1.48657,-0.0374388
-1.49453,-0.187302
-1.49596,-0.345447
-1.48898,-0.51172
-1.47145,-0.685509
-1.44099,-0.86561
-1.39491,-1.05003
-1.33007,-1.23568
-1.24256,-1.41761
-1.12744,-1.58756
-0.979584,-1.73174
-0.798566,-1.83217
-0.594759,-1.87911
-0.383409,-1.87952
-0.174777,-1.84665
0.0262384,-1.79108
0.217483,-1.72009
0.398153,-1.63885
0.568264,-1.55128
0.72842,-1.46043
0.879604,-1.36863
1.02294,-1.27759
1.15945,-1.18845
1.28981,-1.10193
1.41414,-1.01841
1.53186,-0.938066
1.64142,-0.86086
1.73997,-0.786465
1.82295,-0.714012
1.8841,-0.641691
1.91777,-0.566766
1.92344,-0.487057
1.90687,-0.402656
1.8755,-0.315395
1.83497,-0.227324
1.78884,-0.140027
1.73922,-0.0545886
1.68738,0.0282766
1.63409,0.108107
1.57983,0.184609
1.52489,0.257596
1.46943,0.326958
1.41355,0.39263
1.35728,0.454579
1.30065,0.512788
1.24362,0.567251
1.18618,0.617964
1.12829,0.664925
1.06992,0.708131
1.01102,0.747571
0.951563,0.783236
0.891525,0.81511
0.830883,0.843175
0.769624,0.86741
0.707744,0.887791
0.645247,0.904296
0.582149,0.916899
0.518474,0.925577
0.454262,0.930309
0.389561,0.931078
0.324435,0.927871
0.258958,0.920681
0.193215,0.909511
0.127299,0.894373
0.0613046,0.875289
-0.00467998,0.852291
-0.0705844,0.825411
-0.136371,0.794678
-0.202052,0.760095
-0.267706,0.72161
-0.333488,0.679079
-0.399634,0.632208
-0.46643,0.58049
-0.534165,0.523142
-0.603033,0.459058
-0.673004,0.3868
-0.743667,0.304664
-0.814085,0.210829
-0.882717,0.103596
-0.947439,-0.0183209
-1.0057,-0.155527
-1.05479,-0.307772
-1.09209,-0.47393
-1.11531,-0.652111
-1.12251,-0.839837
-1.11196,-1.03415
-1.08175,-1.2315
-1.02919,-1.42711
-0.94975,-1.61319
-0.835948,-1.77427
-0.680645,-1.88054
-0.49343,-1.90454
-0.299246,-1.85859
-0.112682,-1.77053
0.0616601,-1.6577
0.222067,-1.52934
0.367497,-1.39113
0.497293,-1.24729
0.611383,-1.10146
0.71054,-0.956857
0.796485,-0.816104
0.871729,-0.68099
0.939188,-0.552309
1.0017,-0.429946
1.06162,-0.313171
1.12066,-0.201023
1.17982,-0.0926485
1.23958,0.0125016
1.30001,0.114601
1.36095,0.213481
1.42207,0.308705
1.48294,0.399638
1.54299,0.485491
1.60148,0.565334
1.65739,0.638061
1.70923,0.702323
1.75475,0.75645
1.79055,0.798457
1.81203,0.826468
1.81472,0.839877
1.7972,0.840434
1.76232,0.831389
1.71472,0.815575
1.65839,0.794696
1.5961,0.769609
1.52957,0.740723
1.45986,0.708241
1.38759,0.672279
1.31311,0.632935
1.23657,0.590319
1.15798,0.544582
1.07723,0.495931
0.994144,0.444663
0.908417,0.39119
0.81968,0.336083
0.727482,0.280128
0.631312,0.224393
0.530653,0.170297
0.425063,0.119658
0.314327,0.0746674
0.198643,0.037716
0.0787812,0.0110167
-0.0438986,-0.00391912
-0.167664,-0.00673377
-0.290794,0.00166583
-0.411939,0.0194099
-0.530274,0.0441845
-0.645464,0.0736973
-0.75751,0.105955
-0.866603,0.139357
-0.973003,0.172688
-1.07696,0.205056
-1.17869,0.235829
-1.27829,0.264576
-1.37578,0.29103
-1.47102,0.31505
-1.56362,0.336607
-1.6529,0.355764
-1.73759,0.372657
-1.81548,0.387428
-1.88268,0.400034
-1.93258,0.409692
-1.956,0.413811
-1.9462,0.407803
-1.90585,0.38814
-1.84406,0.354798
-1.76902,0.309732
-1.68607,0.255068
-1.59842,0.192588
-1.50815,0.123752
-1.4167,0.0497971
-1.32511,-0.0282068
-1.23425,-0.109351
-1.14479,-0.192943
-1.05719,-0.278603
-0.971599,-0.366371
-0.887648,-0.456763
-0.804237,-0.550689
-0.719386,-0.64919
-0.63027,-0.752992
-0.533552,-0.862031
-0.425963,-0.975144
-0.30497,-1.09008
-0.169253,-1.20386
-0.018837,-1.31322
0.145127,-1.415
0.320744,-1.50615
0.505659,-1.58327
0.696945,-1.64152
0.889916,-1.67226
1.07393,-1.659
1.22464,-1.57901
1.31719,-1.43322
1.35618,-1.25315
1.35787,-1.06248
1.33295,-0.871838
1.28714,-0.686441
1.22366,-0.509672
1.14454,-0.344392
1.05142,-0.193434
0.946017,-0.0597323
0.830514,0.0537447
0.707775,0.144207
0.581445,0.209347
0.455883,0.247658
0.33597,0.258668
0.226859,0.243066
0.133729,0.202723
0.0615863,0.140678
0.0150251,0.0611519
-0.00212759,-0.0304487
0.0126377,-0.127666
0.0598629,-0.223456
0.137661,-0.311077
0.241802,-0.385176
0.366485,-0.442642
0.505495,-0.482777
0.653242,-0.50681
0.805315,-0.51706
0.958555,-0.516157
1.11082,-0.50651
1.26061,-0.490016
1.4067,-0.467937
1.54772,-0.440818
1.68153,-0.408389
1.80414,-0.36937
1.9073,-0.321309
1.97434,-0.261655
1.98304,-0.193343
1.93041,-0.127762
1.83652,-0.0732782
1.71938,-0.0311913
1.58889,-0.00041518
1.45032,0.0203851
1.30671,0.0324277
1.16003,0.0368593
1.01165,0.0348744
0.86263,0.0278484
0.713835,0.0174733
0.565967,0.00587417
0.419575,-0.00435904
0.27501,-0.0103258
0.132378,-0.00924526
-0.0084806,0.000890227
-0.147969,0.0207112
-0.286636,0.0492669
-0.425035,0.0843507
-0.563587,0.123144
-0.70249,0.162826
-0.8417,0.200929
-0.98096,0.235444
-1.11981,0.264764
-1.2576,0.287565
-1.3934,0.302672
-1.52593,0.308917
-1.65319,0.304994
-1.77194,0.289287
-1.87638,0.259742
-1.95585,0.214235
-1.99375,0.153033
-1.97835,0.0828271
-1.91798,0.0126094
-1.82937,-0.0538426
-1.72388,-0.116422
-1.60749,-0.175656
-1.48327,-0.231737
-1.35288,-0.284348
-1.21739,-0.332646
-1.07769,-0.375259
-0.934831,-0.410306
-0.790347,-0.435474
-0.646527,-0.448229
-0.506632,-0.446207
-0.374895,-0.427809
-0.256176,-0.392852
-0.155244,-0.343033
-0.0758833,-0.281928
-0.0201677,-0.214446
0.0117862,-0.145961
0.021552,-0.0814809
0.0118067,-0.0251322
-0.014299,0.0199567
-0.053613,0.051469
-0.103204,0.0675561
-0.160326,0.0664855
-0.22218,0.0464049
-0.285549,0.00532764
-0.346462,-0.0585944
-0.400081,-0.146521
-0.440983,-0.25825
-0.463903,-0.391715
-0.464717,-0.542991
-0.441222,-0.706894
-0.393342,-0.87793
-0.322683,-1.05112
-0.231748,-1.22237
-0.123177,-1.38829
0.000798436,-1.54558
0.138576,-1.68974
0.288952,-1.81261
0.449218,-1.89647
0.606723,-1.90564
0.732085,-1.81481
0.813091,-1.65769
0.859908,-1.47294
0.881521,-1.27808
0.882419,-1.0809
0.864407,-0.885933
0.827802,-0.696876
0.772187,-0.517676
0.697051,-0.3531
0.602533,-0.208971
0.490252,-0.0919922
0.364063,-0.00906933
0.230411,0.0338089
0.0980414,0.0328254
-0.0229644,-0.0126412
-0.122683,-0.0995074
-0.193096,-0.221196
-0.229613,-0.368722
-0.231702,-0.532482
-0.202257,-0.704044
-0.146084,-0.877161
-0.0683569,-1.04778
0.0264101,-1.21339
0.134782,-1.37209
0.25441,-1.52163
0.383768,-1.65795
0.521373,-1.77239
0.662662,-1.84495
0.789066,-1.83693
0.869456,-1.73207
0.902137,-1.57264
0.902717,-1.39331
0.8812,-1.20804
0.842402,-1.02279
0.788333,-0.840883
0.719351,-0.664999
0.634714,-0.498169
0.533016,-0.344497
0.412845,-0.209732
0.273883,-0.101365
0.118326,-0.027642
-0.0482701,0.00483826
-0.21791,-0.00614503
-0.382676,-0.0575528
-0.536952,-0.142802
-0.677945,-0.254434
-0.80487,-0.385935
-0.917849,-0.53232
-1.01705,-0.689955
-1.10208,-0.856089
-1.1715,-1.02825
-1.22188,-1.20333
-1.24609,-1.37554
-1.2296,-1.53055
-1.1514,-1.63441
-1.01534,-1.65609
-0.855515,-1.61411
-0.692114,-1.53681
-0.532005,-1.43866
-0.378299,-1.32612
-0.233565,-1.20223
-0.100831,-1.06864
0.0160976,-0.926793
0.112723,-0.778822
0.184391,-0.628248
0.227288,-0.480331
0.239608,-0.341763
0.222354,-0.219694
0.179298,-0.120516
0.116179,-0.0490111
0.0396712,-0.00820014
-0.0433239,0.000323195
-0.125901,-0.0239921
-0.201094,-0.0807287
-0.261932,-0.168195
-0.301921,-0.282981
-0.315963,-0.419819
-0.301307,-0.572089
-0.25796,-0.732884
-0.188275,-0.896125
-0.0959551,-1.05717
0.0149876,-1.2128
0.14096,-1.36065
0.279099,-1.49836
0.427195,-1.62236
0.583056,-1.72563
0.742015,-1.79251
0.888076,-1.79099
0.988859,-1.69622
1.03499,-1.53946
1.04258,-1.359
1.02408,-1.17173
0.985667,-0.984698
0.930095,-0.801792
0.858281,-0.626078
0.770089,-0.460902
0.664909,-0.310574
0.542351,-0.180851
0.403221,-0.0790466
0.250704,-0.0133901
0.0912164,0.00873511
-0.0660126,-0.016684
-0.211052,-0.0883757
-0.336109,-0.199995
-0.437254,-0.342426
-0.514194,-0.506527
-0.568819,-0.68481
-0.603684,-0.871803
-0.620979,-1.0636
-0.621967,-1.25712
-0.6066,-1.4491
-0.573004,-1.63462
-0.516467,-1.80356
-0.428688,-1.93106
-0.30763,-1.96889
-0.177194,-1.90208
-0.0583096,-1.77451
0.0459942,-1.61855
0.136419,-1.448
0.21302,-1.26912
0.274674,-1.08535
0.31906,-0.899339
0.342767,-0.714102
0.34166,-0.533958
0.311737,-0.36521
0.250536,-0.216295
0.158738,-0.0969281
0.0411209,-0.0162617
-0.0938356,0.0192787
-0.235648,0.00746634
-0.37404,-0.0495136
-0.50078,-0.146031
-0.61058,-0.274637
-0.700976,-0.427675
-0.771543,-0.598367
-0.822903,-0.781232
-0.855853,-0.971955
-0.87069,-1.16691
-0.86658,-1.36236
-0.840691,-1.55294
-0.786636,-1.72793
-0.693126,-1.86168
-0.555642,-1.90895
-0.398689,-1.86081
-0.246161,-1.75597
-0.10467,-1.62199
0.0242305,-1.47127
0.139257,-1.30978
0.238481,-1.14109
0.319281,-0.968237
0.378638,-0.794672
0.413755,-0.624855
0.422917,-0.464332
0.40635,-0.319262
0.366651,-0.195485
0.308506,-0.0975289
0.237863,-0.0280699
0.161,0.011989
0.0839395,0.0230175
0.0123422,0.00613435
-0.0482999,-0.0370347
-0.0924674,-0.104221
-0.114714,-0.192114
-0.11023,-0.296001
-0.0757786,-0.409795
-0.0105861,-0.526708
0.0833453,-0.640398
0.201784,-0.746053
0.33939,-0.840885
0.490848,-0.923906
0.651573,-0.995274
0.817911,-1.05553
0.986958,-1.10493
1.15607,-1.14277
1.32196,-1.16656
1.47852,-1.17031
1.61118,-1.14191
1.68944,-1.06633
1.69108,-0.95049
1.63421,-0.821046
1.54322,-0.693141
1.43149,-0.571791
1.30573,-0.458733
1.1695,-0.354828
1.02482,-0.260827
0.872895,-0.177703
0.714469,-0.106869
0.550152,-0.0503809
0.380769,-0.0110168
0.207773,0.00796387
0.0335617,0.0036634
-0.13874,-0.0251755
-0.306119,-0.0773897
-0.46653,-0.149921
-0.619052,-0.239139
-0.763454,-0.341865
-0.899658,-0.455717
-1.02733,-0.579006
-1.14558,-0.710478
-1.25261,-0.848985
-1.34502,-0.992995
-1.41629,-1.13945
-1.45327,-1.28033
-1.43211,-1.39354
-1.33852,-1.445
-1.20001,-1.43435
-1.04598,-1.38629
-0.888281,-1.31682
-0.731505,-1.23331
-0.578249,-1.13888
-0.430944,-1.03465
-0.292631,-0.920786
-0.167404,-0.797196
-0.0605884,-0.664389
0.0215451,-0.524353
0.0727093,-0.381359
0.088117,-0.242194
0.0659919,-0.115427
0.00828287,-0.00991991
-0.0797406,0.0667318
-0.190618,0.109196
-0.31594,0.114757
-0.44739,0.0832429
-0.577538,0.0166905
-0.700391,-0.0812019
-0.811643,-0.205778
-0.908574,-0.352126
-0.98968,-0.515609
-1.05415,-0.692121
-1.10129,-0.878064
-1.12994,-1.07004
-1.13763,-1.26414
-1.11933,-1.45419
-1.06506,-1.62719
-0.959858,-1.75349
-0.804089,-1.79681
-0.626622,-1.76484
-0.448841,-1.68846
-0.278129,-1.58628
-0.117537,-1.46726
0.0306582,-1.33622
0.164143,-1.19646
0.280612,-1.05108
0.378188,-0.903484
0.456017,-0.757515
0.514784,-0.617026
0.556865,-0.485204
0.585962,-0.363867
0.606316,-0.253119
0.621846,-0.151499
0.635527,-0.0565327
0.64915,0.0345617
0.663451,0.124271
0.678431,0.214405
0.693718,0.305969
0.708864,0.399232
0.723519,0.4939
0.737501,0.589326
0.750778,0.684688
0.763434,0.779126
0.775609,0.871823
0.78746,0.962046
0.799134,1.04916
0.810752,1.13262
0.822403,1.21198
0.83414,1.28684
0.845985,1.35688
0.857932,1.42181
0.869945,1.4814
0.881968,1.5354
0.893919,1.58363
0.905696,1.62591
0.917177,1.66209
0.928226,1.69202
0.938697,1.71564
0.948447,1.73292
0.95735,1.74392
0.965319,1.74878
0.972318,1.74773
0.97836,1.74105
0.9835,1.72902
0.987811,1.71191
0.991356,1.68992
0.994178,1.66321
0.996286,1.63187
0.997649,1.59594
0.998204,1.55547
0.99785,1.51044
0.996456,1.46086
0.993858,1.40672
0.98986,1.34804
0.984233,1.28483
0.97671,1.21715
0.966981,1.14505
0.954687,1.06867
0.939412,0.98816
0.920669,0.903777
0.897899,0.815861
0.870454,0.724898
0.837598,0.631555
0.798511,0.536753
0.752315,0.441741
0.698129,0.348189
0.63518,0.258278
0.562969,0.174765
0.481519,0.100967
0.391667,0.0406072
0.295331,-0.00252532
0.195635,-0.0251151
0.0967679,-0.0249437
0.00352297,-0.00140758
-0.0793748,0.0442733
-0.147951,0.109248
-0.199457,0.189543
-0.232525,0.280707
-0.24705,0.378375
-0.243887,0.478666
-0.224507,0.578378
-0.190692,0.675017
-0.144301,0.766734
-0.0871225,0.852217
-0.0207928,0.930565
0.0532373,1.00119
0.133706,1.06371
0.219529,1.1179
0.309773,1.16364
0.403637,1.20085
0.500427,1.2295
0.59953,1.24954
0.700396,1.26096
0.802519,1.26371
0.905416,1.25771
1.00861,1.24289
1.1116,1.21911
1.21387,1.18621
1.3148,1.14398
1.41371,1.09217
1.50976,1.0305
1.6019,0.958629
1.68884,0.876232
1.76893,0.783018
1.84012,0.678846
1.90006,0.563893
1.94623,0.438877
1.97655,0.305206
1.98986,0.164901
1.98629,0.0202329
1.96699,-0.126706
1.93362,-0.27424
1.88798,-0.421132
1.8317,-0.566484
1.76622,-0.709639
1.69276,-0.850089
1.61231,-0.987404
1.52568,-1.12114
1.43342,-1.25075
1.33585,-1.37539
1.23294,-1.49378
1.12432,-1.60389
1.00917,-1.70282
0.886236,-1.78684
0.754156,-1.85236
0.612129,-1.89751
0.460494,-1.92322
0.300557,-1.9323
0.13394,-1.92782
-0.0378803,-1.91204
-0.213669,-1.8862
-0.392318,-1.8506
-0.572664,-1.80483
-0.753281,-1.74788
-0.932275,-1.67835
-1.10706,-1.59451
-1.2741,-1.49452
-1.4287,-1.37675
-1.56516,-1.24055
-1.67785,-1.08737
-1.76325,-0.921315
-1.82129,-0.748169
-1.85469,-0.573458
-1.86728,-0.401357
-1.86283,-0.234613
-1.84456,-0.0749001
-1.81517,0.0768295
-1.77683,0.220094
-1.73132,0.354721
-1.68009,0.480743
-1.62432,0.598322
-1.56498,0.707706
-1.50286,0.809188
-1.43858,0.903081
-1.37266,0.989703
-1.3055,1.06936
-1.23743,1.14235
-1.16871,1.20893
-1.09954,1.26936
-1.03009,1.32385
-0.960478,1.37261
-0.890811,1.4158
-0.82117,1.45358
-0.751622,1.48606
-0.682226,1.51336
-0.613031,1.53554
-0.544086,1.55267
-0.475444,1.56478
-0.407159,1.57188
-0.339297,1.57398
-0.271933,1.57105
-0.205161,1.56305
-0.13909,1.54995
-0.0738512,1.53169
-0.00959915,1.50821
0.0534839,1.47945
0.115186,1.44536
0.175263,1.4059
0.233432,1.36103
0.289373,1.31075
0.34272,1.25507
0.393061,1.19406
0.43993,1.12782
0.48281,1.05653
0.521129,0.980447
0.554265,0.899935
0.581553,0.815488
0.602302,0.72776
0.615828,0.63759
0.621494,0.54603
0.618771,0.454357
0.607319,0.364067
0.587078,0.276839
0.558356,0.194454
0.521901,0.118677
0.478939,0.0510902
0.431132,-0.00709183
0.380476,-0.055193
0.329119,-0.0932039
0.27913,-0.121831
0.232264,-0.142453
0.189743,-0.15699
0.152099,-0.167708
0.119091,-0.17698
0.0896979,-0.187053
0.0621798,-0.199817
0.0342095,-0.216624
0.00305629,-0.238155
-0.0341782,-0.264355
-0.0802834,-0.294473
-0.137642,-0.327203
-0.207947,-0.360949
-0.291991,-0.394181
-0.38958,-0.425796
-0.499627,-0.455377
-0.620368,-0.483251
-0.749646,-0.510349
-0.885154,-0.537951
-1.02456,-0.567433
-1.16551,-0.600089
-1.30545,-0.63703
-1.44131,-0.67911
-1.56875,-0.726783
-1.68058,-0.779597
-1.76345,-0.83439
-1.79454,-0.880438
-1.75797,-0.899648
-1.67169,-0.887757
-1.5615,-0.855319
-1.44065,-0.811595
-1.31469,-0.761783
-1.18613,-0.708627
-1.0562,-0.653502
-0.925643,-0.596928
-0.795034,-0.538788
-0.665028,-0.478413
-0.536554,-0.414616
-0.411031,-0.345744
-0.290557,-0.269861
-0.177971,-0.185134
-0.076609,-0.0904433
0.0103508,0.0140232
0.0807356,0.126589
0.133922,0.244512
0.170767,0.364752
0.193076,0.484617
0.203012,0.602048
0.202677,0.715621
0.193912,0.824417
0.178247,0.927874
0.156918,1.02566
0.130917,1.11761
0.101038,1.20362
0.0679274,1.28367
0.0321119,1.35777
-0.00596938,1.42597
-0.045946,1.4883
-0.0875005,1.54485
-0.130357,1.59569
-0.174275,1.64094
-0.21904,1.68069
-0.264465,1.7151
-0.310384,1.7443
-0.356654,1.76848
-0.403158,1.78783
-0.449798,1.80256
-0.496505,1.8129
-0.543233,1.81908
-0.589963,1.82134
-0.6367,1.81991
-0.683469,1.81502
-0.730314,1.80686
-0.777291,1.7956
-0.824462,1.78138
-0.871893,1.7643
-0.919644,1.74441
-0.967767,1.72173
-1.0163,1.69624
-1.06526,1.66788
-1.11465,1.63656
-1.16445,1.60213
-1.2146,1.56445
-1.26501,1.52332
-1.31558,1.47853
-1.36616,1.42983
-1.41657,1.37697
-1.46659,1.31968
-1.51597,1.25766
-1.56442,1.19064
-1.61163,1.11833
-1.65724,1.04044
-1.70087,0.956733
-1.74211,0.866949
-1.7805,0.770878
-1.81556,0.668334
-1.84673,0.55917
-1.87341,0.443281
-1.89494,0.320616
-1.91052,0.191189
-1.91929,0.0551049
-1.92021,-0.0874141
-1.91212,-0.235984
-1.89366,-0.390003
-1.86332,-0.54857
-1.81941,-0.710396
-1.76015,-0.873683
-1.68377,-1.03602
-1.58875,-1.19434
-1.4742,-1.34497
-1.34023,-1.48398
-1.18833,-1.6078
-1.02123,-1.71381
-0.842489,-1.80069
-0.655813,-1.86835
-0.464621,-1.9175
-0.271822,-1.94924
-0.0797978,-1.96474
0.109494,-1.96499
0.294394,-1.95072
0.47342,-1.92227
0.645177,-1.87973
0.808349,-1.823
0.961775,-1.75206
1.10459,-1.66727
1.23635,-1.56951
1.35702,-1.4602
1.46685,-1.34105
1.5662,-1.21383
1.65538,-1.08014
1.73456,-0.941406
1.80377,-0.79884
1.86285,-0.653534
1.91155,-0.506502
1.94954,-0.358747
1.97643,-0.211299
1.99188,-0.0652466
1.99567,0.0782515
1.98774,0.217991
1.96831,0.35277
1.93792,0.481467
1.89738,0.603121
1.84775,0.716994
1.7902,0.822592
1.72591,0.919649
1.65603,1.00808
1.58156,1.08794
1.50339,1.15935
1.42227,1.22248
1.33883,1.27753
1.25361,1.32468
1.16706,1.3641
1.07956,1.39593
0.991455,1.4203
0.903055,1.4373
0.814641,1.44702
0.726488,1.4495
0.638869,1.44478
0.552064,1.43286
0.466374,1.41375
0.382125,1.38744
0.299679,1.3539
0.219449,1.31312
0.141906,1.26509
0.0675999,1.2098
-0.0028258,1.14729
-0.0686143,1.07764
-0.128872,1.00102
-0.182547,0.917717
-0.228409,0.828178
-0.265038,0.73312
-0.290834,0.633601
-0.304063,0.531146
-0.302961,0.427871
-0.285917,0.326587
-0.251746,0.230836
-0.200052,0.144788
-0.131583,0.0729262
-0.0484834,0.0195146
0.0457303,-0.0120933
0.146543,-0.0200905
0.249113,-0.00456416
0.349023,0.0325965
0.442858,0.0881864
0.528436,0.158352
0.604737,0.239203
0.671635,0.327226
0.72959,0.419482
0.779376,0.513637
0.821892,0.607906
0.85804,0.700955
0.888665,0.791803
0.914525,0.879741
0.936283,0.964253
0.954513,1.04497
0.969708,1.12164
0.98229,1.19407
0.99262,1.26214
1.00101,1.32577
1.00771,1.38489
1.01297,1.43949
1.01695,1.48953
1.01982,1.53501
1.02169,1.57591
1.02264,1.6122
1.02272,1.64383
1.02193,1.67071
1.02023,1.69269
1.01754,1.70957
1.01378,1.72108
1.00885,1.7269
1.0027,1.72669
0.995339,1.72016
0.986838,1.7071
0.977328,1.68741
0.966979,1.6611
0.955968,1.62825
0.944467,1.58902
0.932631,1.54357
0.920591,1.49212
0.908454,1.43489
0.896302,1.3721
0.884191,1.30403
0.872152,1.23095
0.860187,1.15318
0.84827,1.07111
0.836346,0.985157
0.824332,0.895824
0.812121,0.803698
0.799601,0.709443
0.786673,0.613796
0.773288,0.517521
0.759485,0.421344
0.745429,0.32582
0.731413,0.23118
0.71779,0.137128
0.704811,0.0426914
0.692352,-0.0538492
0.67958,-0.154826
0.664667,-0.262822
0.644697,-0.380088
0.615915,-0.507891
0.574322,-0.646017
0.516474,-0.792657
0.440157,-0.944744
0.344686,-1.09858
0.230733,-1.25043
0.0998514,-1.39681
-0.0460577,-1.53429
-0.205105,-1.6588
-0.375359,-1.76391
-0.553582,-1.83709
-0.729779,-1.85292
-0.877947,-1.78143
-0.977136,-1.63537
-1.03412,-1.454
-1.06068,-1.25987
-1.06366,-1.06292
-1.04645,-0.868483
-1.0107,-0.68037
-0.957248,-0.502123
-0.886837,-0.337482
-0.800626,-0.1905
-0.700648,-0.0653716
-0.590108,0.0339648
-0.473432,0.104333
-0.356049,0.143772
-0.244016,0.151784
-0.14362,0.12937
-0.0610769,0.0789572
-0.00226566,0.00436519
0.0276598,-0.089172
0.0249147,-0.19508
-0.0121012,-0.305896
-0.0821983,-0.414224
-0.181471,-0.513965
-0.30418,-0.601233
-0.444052,-0.674536
-0.595375,-0.734248
-0.753564,-0.781771
-0.915204,-0.818766
-1.07778,-0.846595
-1.23925,-0.865939
-1.39745,-0.876447
-1.54912,-0.876181
-1.6877,-0.860601
-1.79814,-0.821302
-1.85189,-0.750241
-1.83126,-0.656217
-1.75514,-0.558764
-1.64739,-0.467526
-1.52128,-0.384938
-1.3836,-0.311313
-1.23811,-0.246441
-1.0871,-0.190002
-0.932117,-0.14165
-0.774266,-0.101023
-0.614396,-0.0677279
-0.453173,-0.0413163
-0.291119,-0.0212957
-0.128611,-0.0071905
0.0341024,0.0013306
0.196849,0.0043227
0.359446,0.00153252
0.521618,-0.0075029
0.682963,-0.0233125
0.842943,-0.0463963
1.00088,-0.0771988
1.15589,-0.116126
1.30684,-0.163575
1.45208,-0.219964
1.58913,-0.285739
1.71382,-0.361291
1.81851,-0.446545
1.88822,-0.539163
1.89841,-0.629319
1.83648,-0.69963
1.72415,-0.74428
1.58656,-0.769828
1.43643,-0.782483
1.2795,-0.785549
1.11877,-0.780304
0.956299,-0.766721
0.794082,-0.743878
0.63457,-0.710259
0.481072,-0.664121
0.337973,-0.60404
0.210643,-0.529633
0.104866,-0.442309
0.0258142,-0.345693
-0.0230969,-0.245379
-0.0409302,-0.14805
-0.0292062,-0.0603664
0.00872099,0.0118492
0.068454,0.0639081
0.145129,0.0921502
0.233645,0.093726
0.328641,0.066521
0.424435,0.00933348
0.515173,-0.077764
0.595255,-0.193107
0.659968,-0.333428
0.706024,-0.494252
0.73174,-0.670574
0.736792,-0.857494
0.721675,-1.05059
0.687069,-1.24586
0.633218,-1.43931
0.559294,-1.62577
0.462638,-1.79628
0.33842,-1.93131
0.185755,-1.99105
0.0246066,-1.94743
-0.122007,-1.83157
-0.249357,-1.67992
-0.358461,-1.51009
-0.449901,-1.33042
-0.523237,-1.14583
-0.577333,-0.960197
-0.610841,-0.777424
-0.622807,-0.601852
-0.613306,-0.438191
-0.583925,-0.291042
-0.537852,-0.164172
-0.479467,-0.0598676
-0.413595,0.0213172
-0.344752,0.0803468
-0.276663,0.119167
-0.212154,0.140119
-0.153314,0.145505
-0.101788,0.137378
-0.0590711,0.117549
-0.0267059,0.0877319
-0.00635926,0.0497561
0.000228607,0.00579258
-0.00858342,-0.0414767
-0.0340703,-0.0887881
-0.0768221,-0.132375
-0.136445,-0.168225
-0.211376,-0.192504
-0.298914,-0.202079
-0.395499,-0.194982
-0.497205,-0.170677
-0.600284,-0.13002
-0.701614,-0.0749518
-0.79892,-0.00804682
-0.890789,0.0679229
-0.97653,0.150317
-1.05597,0.236815
-1.12929,0.325487
-1.1968,0.414786
-1.25893,0.503506
-1.31603,0.590715
-1.36843,0.675696
-1.41631,0.757887
-1.45971,0.836822
-1.49844,0.912068
-1.53204,0.983148
-1.55961,1.04941
-1.57969,1.10986
-1.59014,1.16282
-1.5883,1.20573
-1.57209,1.23538
-1.54151,1.24924
-1.49903,1.24685
-1.44809,1.22958
-1.39161,1.19943
-1.33163,1.15829
-1.2695,1.10766
-1.20607,1.04873
-1.14191,0.982502
-1.07737,0.909858
-1.0127,0.831649
-0.94799,0.748772
-0.883272,0.662228
-0.818464,0.573194
-0.753403,0.48308
-0.687858,0.393584
-0.621584,0.306708
-0.554404,0.224723
-0.486337,0.15004
-0.417737,0.0849971
-0.349395,0.0315791
-0.282549,-0.00885109
-0.218783,-0.0357388
-0.159833,-0.0493885
-0.107366,-0.0508818
-0.0627827,-0.0419032
-0.0270835,-0.0245235
-0.000810242,-0.000985991
0.0159521,0.0264785
0.0235245,0.0557934
0.0225535,0.0851341
0.0139181,0.112982
-0.00136424,0.138143
-0.022224,0.159739
-0.0476109,0.177175
-0.0765498,0.190097
-0.108178,0.198338
-0.141771,0.201874
-0.176746,0.200765
-0.212667,0.195113
-0.249231,0.185023
-0.286249,0.170569
-0.323631,0.151769
-0.361356,0.128564
-0.39945,0.100812
-0.437961,0.0682785
-0.476935,0.0306517
-0.516394,-0.0124482
-0.556326,-0.0614427
-0.596677,-0.116763
-0.637353,-0.178813
-0.67823,-0.247932
-0.719171,-0.324354
-0.760052,-0.408184
-0.800774,-0.499368
-0.841287,-0.597685
-0.881591,-0.702731
-0.921732,-0.813898
-0.961788,-0.930336
-1.00183,-1.05086
-1.04185,-1.17374
-1.08159,-1.29633
-1.12009,-1.41415
-1.15446,-1.51888
-1.17636,-1.59472
-1.16754,-1.6202
-1.11409,-1.59358
-1.02513,-1.53829
-0.915634,-1.47265
-0.795229,-1.4049
-0.669492,-1.33859
-0.541874,-1.27542
-0.414606,-1.21631
-0.289046,-1.16179
-0.165755,-1.11214
-0.0445069,-1.0674
0.0756577,-1.02718
0.196233,-0.990541
0.318884,-0.955917
0.445,-0.921178
0.575305,-0.883914
0.709657,-0.84183
0.847095,-0.79312
0.986084,-0.736695
1.12482,-0.67221
1.26147,-0.599928
1.39435,-0.520484
1.52182,-0.434642
1.64218,-0.343086
1.75322,-0.246269
1.85155,-0.144359
1.93128,-0.0374386
1.98228,0.0734689
1.99118,0.183853
1.952,0.285018
1.87398,0.370291
1.77098,0.438541
1.65265,0.491117
1.52461,0.529508
1.39014,0.554781
1.25133,0.567572
1.10965,0.56815
0.966276,0.556465
0.822315,0.532159
0.678964,0.494551
0.537715,0.442631
0.400574,0.375081
0.270287,0.29043
0.150425,0.18745
0.0450535,0.0658325
-0.0422578,-0.0731163
-0.10974,-0.226394
-0.158047,-0.390144
-0.189624,-0.56083
-0.207454,-0.735864
-0.214086,-0.913545
-0.21122,-1.09266
-0.199632,-1.27201
-0.179192,-1.44987
-0.148775,-1.62315
-0.105996,-1.7855
-0.0469771,-1.92196
0.0303691,-1.99662
0.11099,-1.96498
0.17287,-1.84811
0.214541,-1.69294
0.241222,-1.52219
0.256519,-1.34508
0.26237,-1.1658
0.259547,-0.986539
0.247885,-0.808684
0.22634,-0.633394
0.193008,-0.462084
0.145345,-0.29683
0.0808119,-0.140606
-0.00202521,0.00300816
-0.102533,0.130758
-0.218043,0.240732
-0.344872,0.332668
-0.479448,0.407468
-0.618879,0.466498
-0.761013,0.511092
-0.904266,0.542329
-1.0474,0.560969
-1.18934,0.567454
-1.329,0.561927
-1.46508,0.544225
-1.59585,0.513849
-1.71867,0.4699
-1.82916,0.411018
-1.91972,0.335588
-1.97804,0.243106
-1.99112,0.137539
-1.95795,0.0275468
-1.89035,-0.0801707
-1.80039,-0.183374
-1.69558,-0.281736
-1.58018,-0.375158
-1.45676,-0.463298
-1.32714,-0.54554
-1.19292,-0.621096
-1.0557,-0.689187
-0.917255,-0.749268
-0.779416,-0.80128
-0.643933,-0.845856
-0.512152,-0.884405
-0.384712,-0.918997
-0.261368,-0.952054
-0.141037,-0.985942
-0.0220923,-1.02261
0.0971886,-1.06336
0.218191,-1.10891
0.341653,-1.15943
0.467533,-1.2148
0.594994,-1.27465
0.722411,-1.3384
0.84724,-1.40504
0.965571,-1.47263
1.07098,-1.5369
1.15234,-1.58788
1.19385,-1.60451
1.19112,-1.56653
1.16211,-1.48299
1.12314,-1.37526
1.08093,-1.25693
1.03777,-1.13511
0.994398,-1.0137
0.951022,-0.895067
0.907619,-0.780793
0.864109,-0.671985
0.820406,-0.569459
0.776458,-0.473808
0.732257,-0.385445
0.687849,-0.304616
0.643329,-0.231411
0.598823,-0.165781
0.554477,-0.107554
0.510435,-0.0564636
0.466828,-0.0121882
0.423761,0.0256171
0.381316,0.0572837
0.339559,0.0830987
0.298556,0.103282
0.258396,0.117972
0.219217,0.127215
0.18124,0.130975
0.144794,0.129138
0.110359,0.121538
0.0785872,0.107985
0.0503381,0.0883111
0.0266936,0.0624144
0.00896605,0.0303249
-0.00131503,-0.00773304
-0.00244505,-0.0512767
0.00737578,-0.0995176
0.0299159,-0.151348
0.0667373,-0.20539
0.118984,-0.260124
0.187172,-0.314109
0.271027,-0.366257
0.369458,-0.416072
0.480662,-0.463763
0.602361,-0.510164
0.732051,-0.556512
0.867199,-0.604185
1.00531,-0.654489
1.14383,-0.708529
1.27996,-0.767126
1.4101,-0.830706
1.52887,-0.898959
1.62682,-0.969708
1.68611,-1.03524
1.68219,-1.07634
1.61456,-1.07636
1.51175,-1.04334
1.39424,-0.991737
1.27052,-0.930246
1.1441,-0.863359
1.01655,-0.793358
0.888764,-0.721293
0.761395,-0.647403
0.635165,-0.571302
0.511082,-0.49206
0.390662,-0.40828
0.276127,-0.318289
0.170471,-0.22051
0.0771922,-0.114059
-0.000402418,0.000691053
-0.0601058,0.12193
-0.101399,0.246858
-0.125359,0.372463
-0.134057,0.496159
-0.129903,0.616041
-0.115192,0.730856
-0.0919042,0.839843
-0.0616611,0.942577
-0.0257579,1.03884
0.014778,1.12853
0.0591293,1.21164
0.106639,1.28817
0.156773,1.35817
0.209088,1.42168
0.26321,1.47876
0.318822,1.52948
0.375644,1.57389
0.433432,1.61206
0.491968,1.64406
0.551054,1.66999
0.610514,1.68992
0.67019,1.70396
0.72994,1.71221
0.789643,1.71481
0.849193,1.71187
0.908506,1.70355
0.967515,1.68997
1.02617,1.67127
1.08442,1.64758
1.14225,1.619
1.19963,1.58562
1.2565,1.54748
1.31283,1.50463
1.36853,1.45705
1.42351,1.40473
1.47762,1.34762
1.53071,1.28569
1.58258,1.21887
1.63298,1.14712
1.68165,1.0704
1.7283,0.988694
1.77259,0.902005
1.81416,0.810361
1.85263,0.713818
1.88755,0.612468
1.91846,0.506434
1.94484,0.395882
1.96608,0.281017
1.98153,0.1621
1.99042,0.0394468
1.99187,-0.0865537
1.98493,-0.215434
1.96854,-0.346639
1.94161,-0.479526
1.9031,-0.61338
1.85212,-0.747429
1.78801,-0.880874
1.71036,-1.0129
1.61903,-1.14265
1.51404,-1.26921
1.39551,-1.39153
1.26361,-1.50834
1.11857,-1.61812
0.960698,-1.71897
0.790511,-1.8086
0.608865,-1.88433
0.41716,-1.9432
0.217531,-1.98216
0.0129564,-1.99854
-0.192835,-1.99066
-0.395752,-1.95828
-0.591925,-1.90276
-0.778209,-1.82675
-0.952416,-1.73358
-1.11326,-1.62668
-1.26013,-1.50922
-1.39289,-1.38396
-1.51165,-1.25319
-1.61666,-1.11878
-1.70819,-0.982229
-1.7865,-0.844762
-1.85189,-0.707381
-1.90464,-0.570923
-1.94515,-0.436107
-1.97397,-0.303558
-1.99177,-0.173825
-1.99944,-0.047381
-1.99794,0.0753731
-1.98833,0.194111
-1.97162,0.308579
-1.9488,0.418586
-1.92075,0.523997
-1.88827,0.624727
-1.85206,0.720729
-1.81273,0.811992
-1.77082,0.89853
-1.72682,0.980386
-1.68114,1.05762
-1.63417,1.13033
-1.58623,1.1986
-1.53763,1.26256
-1.48862,1.32233
-1.43945,1.37806
-1.39032,1.42991
-1.34138,1.47802
-1.2928,1.52255
-1.24468,1.56365
-1.1971,1.60146
-1.15013,1.63613
-1.10379,1.66776
-1.05808,1.69644
-1.01298,1.72224
-0.968451,1.74519
-0.924427,1.76529
-0.880828,1.78248
-0.837568,1.79668
-0.794557,1.80774
-0.751707,1.8155
-0.708943,1.81974
-0.666208,1.82024
-0.623467,1.81673
-0.580712,1.80896
-0.537963,1.79669
-0.495269,1.77969
-0.452702,1.75774
-0.41036,1.73065
-0.36836,1.69828
-0.326835,1.66047
-0.285938,1.61712
-0.245836,1.56813
-0.206712,1.51343
-0.16877,1.45295
-0.132237,1.38664
-0.0973659,1.31446
-0.0644492,1.23639
-0.0338245,1.15239
-0.00589164,1.06245
0.0188692,0.966593
0.039873,0.864844
0.0564018,0.757285
0.0675748,0.644076
0.0723301,0.525495
0.0694411,0.402003
0.0576097,0.274308
0.0356843,0.143384
0.00299615,0.0103972
-0.0403115,-0.123517
-0.0931938,-0.257543
-0.153978,-0.391363
-0.220845,-0.525092
-0.292232,-0.659063
-0.367014,-0.793572
-0.4445,-0.928697
-0.524346,-1.06415
-0.606444,-1.19914
-0.690792,-1.33205
-0.777291,-1.45983
-0.86519,-1.57653
-0.951138,-1.6695
-1.02248,-1.71234
-1.0511,-1.67633
-1.02653,-1.57915
-0.966586,-1.45745
-0.886824,-1.32889
-0.795803,-1.20012
-0.698563,-1.07379
-0.598591,-0.951002
-0.498728,-0.832105
-0.401607,-0.717014
-0.30985,-0.605359
-0.226101,-0.496605
-0.152895,-0.390171
-0.092405,-0.285585
-0.0461446,-0.1826
-0.0147554,-0.081247
0.00204557,0.0182165
0.00534424,0.115407
-0.00320761,0.209922
-0.0216667,0.301418
-0.0480463,0.389634
-0.0805003,0.474389
-0.117431,0.555562
-0.15753,0.633066
-0.199774,0.70684
-0.243387,0.776831
-0.287803,0.842994
-0.332618,0.905289
-0.377556,0.963682
-0.422434,1.01814
-0.467142,1.06865
-0.511623,1.11519
-0.555857,1.15776
-0.599855,1.19634
-0.643648,1.23095
-0.687281,1.26159
-0.730813,1.28827
-0.774306,1.31103
-0.817832,1.32988
-0.86146,1.34484
-0.905263,1.35595
-0.949309,1.36323
-0.993666,1.36671
-1.03839,1.36642
-1.08355,1.36238
-1.12917,1.35461
-1.17529,1.34313
-1.22193,1.32793
-1.2691,1.30902
-1.31677,1.28639
-1.36491,1.26003
-1.41345,1.2299
-1.4623,1.19596
-1.51131,1.15817
-1.5603,1.11645
-1.60901,1.07071
-1.65712,1.02084
-1.7042,0.966719
-1.7497,0.908161
-1.79292,0.844957
-1.83302,0.776845
-1.86901,0.703521
-1.89984,0.624644
-1.92445,0.539878
-1.94198,0.448931
-1.95184,0.351611
-1.95374,0.247846
-1.94767,0.137686
-1.93373,0.021274
-1.91205,-0.101187
-1.88266,-0.22945
-1.84541,-0.363229
-1.79998,-0.502177
-1.74577,-0.645841
-1.68194,-0.793597
-1.60738,-0.944552
-1.52076,-1.09743
-1.42051,-1.25039
-1.30494,-1.40084
-1.17231,-1.54517
-1.02118,-1.67841
-0.850896,-1.79412
-0.662685,-1.88501
-0.46057,-1.94495
-0.25099,-1.97174
-0.0407203,-1.9678
0.165023,-1.93826
0.362994,-1.8887
0.551452,-1.824
0.729591,-1.74806
0.897128,-1.66393
1.05399,-1.57385
1.20011,-1.47941
1.33518,-1.38164
1.45858,-1.28108
1.56923,-1.17782
1.6657,-1.07164
1.74649,-0.962126
1.81066,-0.848986
1.85844,-0.732346
1.89137,-0.61291
1.91179,-0.49178
1.9221,-0.370144
1.92436,-0.249049
1.92014,-0.129332
1.91058,-0.0116265
1.89651,0.103591
1.8785,0.215952
1.85701,0.325166
1.83238,0.430993
1.80487,0.53323
1.77473,0.631701
1.74219,0.726256
1.70747,0.816766
1.67079,0.903128
1.63239,0.985263
1.59249,1.06312
1.55133,1.13667
1.50913,1.20593
1.46614,1.27092
1.42258,1.3317
1.37867,1.38837
1.33461,1.44101
1.29059,1.48977
1.24677,1.53478
1.20331,1.5762
1.16033,1.61417
1.11791,1.64886
1.07613,1.68041
1.03502,1.70894
0.994582,1.73457
0.954807,1.75737
0.915647,1.77738
0.877033,1.7946
0.838882,1.80898
0.801098,1.82042
0.763581,1.82878
0.726237,1.83385
0.688983,1.83542
0.651756,1.83322
0.614519,1.82698
0.577264,1.81645
0.540012,1.80137
0.50281,1.78151
0.465731,1.75667
0.428868,1.72667
0.392331,1.69136
0.356243,1.65065
0.320741,1.60443
0.285969,1.55264
0.252083,1.49523
0.219248,1.43215
0.187642,1.3634
0.157456,1.28896
0.128897,1.20882
0.102193,1.12301
0.077595,1.03154
0.0553819,0.934462
0.0358647,0.831826
0.0193854,0.723721
0.00631135,0.610272
-0.00298616,0.491655
-0.00817623,0.368105
-0.00904465,0.239927
-0.00559404,0.107468
0.00187387,-0.0289241
0.0127643,-0.168974
0.026326,-0.312522
0.0418666,-0.459511
0.0589332,-0.609911
0.0773873,-0.763631
0.0973911,-0.920426
0.119363,-1.07982
0.143951,-1.24096
0.172036,-1.40243
0.204791,-1.56173
0.243755,-1.71409
0.290689,-1.84941
0.345549,-1.9441
0.396847,-1.95533
0.422376,-1.87259
0.419885,-1.73959
0.398921,-1.58752
0.366465,-1.42911
0.326797,-1.26976
0.282797,-1.1121
0.236679,-0.957522
0.190362,-0.806777
0.145656,-0.660251
0.104312,-0.518062
0.0679546,-0.380124
0.037892,-0.246211
0.0148712,-0.116021
-0.00110748,0.0107321
-0.0107895,0.134242
-0.0154522,0.254569
-0.0165813,0.371641
-0.0155812,0.485285
-0.0136066,0.595279
-0.0115137,0.701386
-0.00988663,0.803385
-0.00909335,0.901083
-0.00934334,0.994319
-0.0107353,1.08297
-0.0132929,1.16692
-0.0169893,1.24612
-0.0217649,1.32052
-0.027538,1.39009
-0.0342127,1.45484
-0.0416839,1.51478
-0.0498405,1.56996
-0.0585685,1.62045
-0.067752,1.66634
-0.0772761,1.70775
-0.0870279,1.74482
-0.0968988,1.77774
-0.106787,1.8067
-0.116598,1.83194
-0.126249,1.85371
-0.135671,1.87228
-0.144805,1.88793
-0.153611,1.90095
-0.162058,1.91161
-0.170133,1.92018
-0.177828,1.92689
-0.185147,1.93197
-0.192099,1.93558
-0.198695,1.93787
-0.204948,1.93895
-0.210869,1.93886
-0.216468,1.93763
-0.221752,1.93524
-0.226725,1.93163
-0.231389,1.92669
-0.235744,1.92029
-0.239792,1.91224
-0.243537,1.90233
-0.246987,1.89033
-0.250157,1.87597
-0.25307,1.859
-0.255758,1.83911
-0.258261,1.81606
-0.26063,1.78958
-0.262922,1.75944
-0.265199,1.72542
-0.267526,1.68735
-0.269967,1.64509
-0.272583,1.59852
-0.275429,1.54756
-0.278548,1.49217
-0.281967,1.43234
-0.285693,1.3681
-0.289701,1.29952
-0.293931,1.22671
-0.298271,1.14983
-0.302543,1.06911
-0.306483,0.984865
-0.309719,0.897485
-0.311743,0.8075
-0.311886,0.715596
-0.309304,0.622648
-0.30298,0.52977
-0.291761,0.438339
-0.274439,0.350015
-0.249889,0.266725
-0.217226,0.190599
-0.175972,0.12387
-0.126167,0.068739
-0.0684177,0.0272222
-0.00385035,0.00100447
0.0659964,-0.00870009
0.139341,-0.00127569
0.214362,0.0231888
0.289421,0.0638384
0.363252,0.119073
0.435085,0.186676
0.504654,0.264037
0.572104,0.348426
0.637828,0.437234
0.702313,0.528133
0.766019,0.619149
0.829319,0.708656
0.892469,0.795332
0.955611,0.878093
1.01878,0.956027
1.0819,1.02833
1.14481,1.09423
1.20722,1.15297
1.26866,1.20366
1.32847,1.2453
1.38559,1.27659
1.43845,1.29594
1.48474,1.30156
1.52155,1.29188
1.54624,1.26664
1.55781,1.22741
1.55732,1.177
1.5469,1.11808
1.52862,1.05257
1.50398,0.981689
1.47399,0.90621
1.4392,0.82668
1.39986,0.743549
1.35602,0.657264
1.30753,0.56833
1.25415,0.47737
1.19556,0.385169
1.13137,0.292731
1.06127,0.201328
0.985032,0.112533
0.902677,0.0282318
0.814605,-0.0494238
0.721752,-0.118146
0.62571,-0.175745
0.52875,-0.220466
0.433683,-0.251352
0.343533,-0.268555
0.261081,-0.273447
0.188376,-0.268486
0.126374,-0.256842
0.074768,-0.241897
0.0320547,-0.22673
-0.00423221,-0.213709
-0.0371819,-0.204223
-0.0701334,-0.198565
-0.106315,-0.195972
-0.148531,-0.194774
-0.19891,-0.192661
-0.25875,-0.187041
-0.328472,-0.175455
-0.407694,-0.156002
-0.495432,-0.127674
-0.590355,-0.0905207
-0.691052,-0.0455804
-0.79621,0.00537638
-0.9047,0.0601954
-1.01557,0.11665
-1.12799,0.172646
-1.24118,0.226308
-1.3543,0.27597
-1.46639,0.320114
-1.57617,0.357254
-1.68181,0.385798
-1.78036,0.403863
-1.8668,0.409114
-1.9324,0.398981
-1.96469,0.372481
-1.95532,0.333423
-1.90975,0.28862
-1.84011,0.242316
-1.75562,0.195734
-1.66149,0.148961
-1.56052,0.101917
-1.45419,0.0546637
-1.34326,0.00751077
-1.22809,-0.0389307
-1.10886,-0.0836837
-0.985699,-0.125328
-0.858857,-0.161918
-0.728946,-0.19092
-0.597207,-0.20923
-0.465847,-0.213368
-0.33831,-0.199925
-0.219315,-0.166308
-0.11445,-0.111595
-0.0292953,-0.0371376
0.0316549,0.05344
0.0658143,0.154919
0.0727443,0.261511
0.0538389,0.367794
0.0117163,0.469286
-0.0504062,0.562643
-0.129197,0.645585
-0.221513,0.716698
-0.324551,0.775208
-0.435889,0.820775
-0.553473,0.85333
-0.675563,0.872963
-0.800674,0.879831
-0.927512,0.874109
-1.05491,0.85595
-1.18175,0.825458
-1.30694,0.782669
-1.42926,0.727534
-1.54731,0.659904
-1.65933,0.579519
-1.76291,0.486019
-1.85462,0.379013
-1.92944,0.258358
-1.98037,0.124894
-1.99973,-0.0183018
-1.98363,-0.165556
-1.93522,-0.311014
-1.86182,-0.451224
-1.77038,-0.584976
-1.66596,-0.712078
-1.55212,-0.832655
-1.43147,-0.946951
-1.30606,-1.05533
-1.17757,-1.15831
-1.04736,-1.25661
-0.916487,-1.35108
-0.785729,-1.44259
-0.655621,-1.53191
-0.52655,-1.61944
-0.398896,-1.70502
-0.273196,-1.78757
-0.15032,-1.86449
-0.0316125,-1.93071
0.0812634,-1.97713
0.187479,-1.99103
0.288939,-1.96417
0.389215,-1.90225
0.490382,-1.81802
0.592779,-1.72157
0.696131,-1.61877
0.800098,-1.51274
0.904387,-1.40498
1.00872,-1.296
1.11276,-1.1857
1.21604,-1.0737
1.3179,-0.959443
1.41751,-0.842433
1.51384,-0.722299
1.60572,-0.598859
1.69184,-0.472132
1.7707,-0.342313
1.84052,-0.209751
1.89898,-0.0749679
1.94297,0.0611948
1.96826,0.197218
1.96996,0.330322
1.9445,0.456274
1.89242,0.570644
1.81838,0.670746
1.72822,0.755999
1.62682,0.826963
1.51764,0.884478
1.40311,0.929303
1.28494,0.962012
1.16443,0.982999
1.04266,0.992497
0.92056,0.990601
0.799064,0.977289
0.67914,0.952437
0.561884,0.915838
0.448594,0.867226
0.34087,0.806314
0.240719,0.732875
0.150663,0.646855
0.0738417,0.548569
0.0140196,0.438992
-0.0245726,0.320116
-0.0377171,0.195281
-0.0220734,0.0692618
0.0237248,-0.0522032
0.0982533,-0.163542
0.197376,-0.260732
0.315334,-0.342162
0.446212,-0.408523
0.585026,-0.46197
0.728109,-0.505174
0.872989,-0.540641
1.01806,-0.570362
1.16221,-0.595684
1.3045,-0.617268
1.44382,-0.635015
1.57831,-0.647883
1.7044,-0.653446
1.8142,-0.647109
1.89045,-0.621981
1.90719,-0.575302
1.85842,-0.518297
1.76572,-0.464108
1.64876,-0.417421
1.51829,-0.378731
1.38009,-0.34738
1.23767,-0.322366
1.09351,-0.302479
0.949604,-0.286267
0.807781,-0.271966
0.669901,-0.257461
0.537927,-0.240327
0.413938,-0.218013
0.300046,-0.188165
0.198225,-0.149012
0.110097,-0.099661
0.0367348,-0.0401903
-0.0214589,0.0284881
-0.0647794,0.10489
-0.0941545,0.187249
-0.111011,0.273756
-0.117098,0.362729
-0.114295,0.452704
-0.10444,0.54247
-0.089201,0.631059
-0.0700046,0.717715
-0.0480125,0.801858
-0.024134,0.883046
0.000942551,0.960944
0.026711,1.0353
0.0528106,1.10592
0.0789935,1.17267
0.105098,1.23545
0.131029,1.2942
0.156741,1.34887
0.182225,1.39946
0.207501,1.44597
0.232613,1.48843
0.257619,1.52688
0.282591,1.56138
0.30761,1.592
0.332764,1.61883
0.358143,1.64196
0.383841,1.66148
0.409949,1.67751
0.436556,1.69013
0.463748,1.69944
0.491599,1.70552
0.520179,1.70845
0.549542,1.70829
0.579733,1.70505
0.610779,1.69877
0.642692,1.68942
0.675467,1.67698
0.709078,1.6614
0.743479,1.64259
0.778604,1.62047
0.814365,1.59493
0.850651,1.56586
0.887332,1.53315
0.924254,1.49667
0.961245,1.45631
0.998113,1.41197
1.03465,1.36356
1.07063,1.31101
1.10581,1.25428
1.13996,1.19334
1.17281,1.12821
1.2041,1.05894
1.23359,0.985607
1.26103,0.908328
1.2862,0.827262
1.30888,0.742599
1.32892,0.654564
1.34619,0.563403
1.36064,0.469377
1.37227,0.372743
1.38116,0.273742
1.38744,0.172573
1.39135,0.0693793
1.39315,-0.035772
1.39315,-0.142894
1.39165,-0.252076
1.38896,-0.363467
1.38534,-0.477236
1.38096,-0.593522
1.37593,-0.71236
1.37024,-0.83359
1.36373,-0.956728
1.35605,-1.08077
1.34642,-1.20386
1.33332,-1.3227
1.31354,-1.43145
1.28061,-1.5207
1.22451,-1.57982
1.13866,-1.60696
1.0269,-1.612
0.897578,-1.60581
0.757241,-1.59494
0.609853,-1.58272
0.457584,-1.57075
0.301442,-1.55959
0.14167,-1.54911
-0.0219379,-1.53856
-0.189735,-1.52669
-0.361932,-1.51179
-0.538349,-1.49187
-0.718241,-1.46479
-0.900221,-1.42842
-1.08218,-1.38056
-1.26107,-1.31875
-1.43231,-1.23984
-1.58832,-1.13959
-1.71655,-1.01335
-1.80133,-0.86081
-1.83568,-0.691396
-1.82723,-0.518262
-1.78779,-0.349971
-1.72629,-0.190591
-1.64854,-0.0420411
-1.5584,0.0946273
-1.45865,0.21873
-1.35145,0.329762
-1.23866,0.427344
-1.12191,0.511205
-1.00275,0.581193
-0.882658,0.637288
-0.763053,0.679605
-0.645306,0.708407
-0.530731,0.724092
-0.420585,0.7272
-0.316061,0.718396
-0.218289,0.698473
-0.128332,0.668349
-0.0471847,0.629069
0.024235,0.581813
0.0851033,0.527911
0.134716,0.468849
0.172524,0.406275
0.198184,0.341995
0.211611,0.277951
0.213033,0.216182
0.203044,0.158759
0.182636,0.107702
0.153214,0.0648781
0.116575,0.0318914
0.0748505,0.00997823
0.0304167,-8.13645e-05
-0.0142186,0.0019786
-0.0565483,0.0158911
-0.0941932,0.0408788
-0.125015,0.0757139
-0.147203,0.118806
-0.15932,0.168307
-0.160323,0.222213
-0.149549,0.278461
-0.126677,0.335004
-0.0916768,0.389864
-0.0447651,0.441164
0.0136473,0.487136
0.0829868,0.526119
0.162536,0.556551
0.251439,0.576958
0.348689,0.585954
0.453115,0.582259
0.563366,0.564728
0.67791,0.532398
0.795047,0.484538
0.912939,0.420698
1.02967,0.340736
1.14327,0.244827
1.2518,0.133439
1.35329,0.0072954
1.44576,-0.132667
1.52703,-0.28532
1.59449,-0.449305
1.64462,-0.622834
1.67205,-0.803127
1.66805,-0.984861
1.61938,-1.15675
1.51485,-1.29974
1.36198,-1.40027
1.18184,-1.46234
0.990072,-1.49608
0.7949,-1.50901
0.600887,-1.50592
0.410943,-1.49019
0.227027,-1.46468
0.0502971,-1.43206
-0.118902,-1.39498
-0.281006,-1.35589
-0.437059,-1.31685
-0.588395,-1.27944
-0.736273,-1.24465
-0.881554,-1.21305
-1.02447,-1.18483
-1.16447,-1.15998
-1.29999,-1.13823
-1.42815,-1.11895
-1.54388,-1.10058
-1.63867,-1.07954
-1.70038,-1.04853
-1.72086,-0.998518
-1.7068,-0.927748
-1.67221,-0.842639
-1.62703,-0.750184
-1.57646,-0.655046
-1.5231,-0.560044
-1.46833,-0.466897
-1.41293,-0.37668
-1.35732,-0.29007
-1.30178,-0.207492
-1.24647,-0.129193
-1.19148,-0.0552973
-1.13683,0.0141612
-1.08253,0.0792125
-1.02853,0.139931
-0.974794,0.196418
-0.921225,0.248789
-0.867731,0.297159
-0.814207,0.341637
-0.760542,0.382315
-0.706629,0.419266
-0.652368,0.452541
-0.59767,0.482166
-0.542467,0.508146
-0.486711,0.530463
-0.430377,0.549087
-0.37347,0.563974
-0.316019,0.575075
-0.258074,0.58234
-0.199705,0.585725
-0.14099,0.585196
-0.0819999,0.580729
-0.0227839,0.572307
0.0366535,0.559907
0.0963753,0.543481
0.156533,0.522916
0.217377,0.497984
0.279253,0.468268
0.342562,0.433083
0.407684,0.391399
0.474842,0.341783
0.543927,0.282408
0.614295,0.211156
0.684601,0.125841
0.752723,0.0245506
0.81587,-0.0939682
0.870866,-0.229979
0.91456,-0.382609
0.944223,-0.549938
0.957788,-0.729263
0.953852,-0.917421
0.931442,-1.11099
0.889592,-1.30621
0.826731,-1.49839
0.73984,-1.68025
0.623488,-1.83757
0.47189,-1.94084
0.293499,-1.95533
0.113507,-1.8893
-0.0537909,-1.7765
-0.205413,-1.63831
-0.340808,-1.48537
-0.459466,-1.32374
-0.560767,-1.15777
-0.644307,-0.991198
-0.710323,-0.827532
-0.760012,-0.669916
-0.795606,-0.520776
-0.820127,-0.381449
-0.836901,-0.252019
-0.848993,-0.131463
-0.858809,-0.0180501
-0.867929,0.0901645
-0.877186,0.194918
-0.886866,0.297486
-0.89695,0.398603
-0.907296,0.498519
-0.917755,0.597112
-0.928225,0.694027
-0.938656,0.788783
-0.949041,0.880857
-0.959394,0.969733
-0.969738,1.05493
-0.980086,1.13601
-0.990438,1.21258
-1.00078,1.2843
-1.01106,1.35084
-1.02122,1.41192
-1.03118,1.46728
-1.04081,1.51665
-1.04998,1.5598
-1.05852,1.59652
-1.06624,1.62662
-1.07295,1.64998
-1.07845,1.66655
-1.08259,1.67641
-1.0853,1.67976
-1.08658,1.67692
-1.08651,1.66824
-1.08521,1.65411
-1.08282,1.63483
-1.07946,1.61065
-1.07522,1.58175
-1.07011,1.54824
-1.06414,1.51019
-1.05724,1.46764
-1.04933,1.4206
-1.04026,1.36909
-1.02987,1.31313
-1.01796,1.25274
-1.00428,1.18798
-0.988563,1.11891
-0.970465,1.04563
-0.9496,0.968315
-0.925513,0.887186
-0.897672,0.802563
-0.86546,0.714897
-0.828166,0.624814
-0.784985,0.533181
-0.735036,0.441182
-0.67741,0.35042
-0.61126,0.263014
-0.535969,0.181683
-0.451387,0.109755
-0.35814,0.0510329
-0.257929,0.00944749
-0.153686,-0.0115209
-0.0494319,-0.00953989
0.0502195,0.0159914
0.140812,0.063734
0.218765,0.130682
0.281816,0.212792
0.329079,0.305702
0.360812,0.405317
0.378047,0.508138
0.38224,0.611386
0.374992,0.712961
0.357874,0.811341
0.33233,0.905459
0.299637,0.994589
0.260901,1.07825
0.217065,1.15614
0.168928,1.22809
0.117168,1.29399
0.0623602,1.35381
0.00499268,1.40758
-0.0545167,1.45532
-0.11581,1.49711
-0.178579,1.53302
-0.24256,1.56314
-0.307523,1.58756
-0.373272,1.60639
-0.439639,1.61973
-0.506482,1.62767
-0.573677,1.6303
-0.641122,1.62771
-0.708731,1.61997
-0.776427,1.60713
-0.844144,1.58922
-0.91182,1.56625
-0.979391,1.53821
-1.04679,1.50505
-1.11393,1.46671
-1.18073,1.42309
-1.24706,1.37406
-1.31278,1.31946
-1.37771,1.25913
-1.44164,1.19287
-1.50429,1.12046
-1.56534,1.04168
-1.62441,0.956293
-1.68103,0.864083
-1.73465,0.764827
-1.78463,0.658334
-1.83018,0.54445
-1.8704,0.423087
-1.90424,0.294249
-1.93047,0.158073
-1.94769,0.0148781
-1.9543,-0.134765
-1.94856,-0.289958
-1.92867,-0.449394
-1.89286,-0.611294
-1.83967,-0.773402
-1.76818,-0.933087
-1.67828,-1.08757
-1.57075,-1.23425
-1.44716,-1.37093
-1.30963,-1.49602
-1.16045,-1.60843
-1.00191,-1.70749
-0.836108,-1.79277
-0.664925,-1.8639
-0.490026,-1.92044
-0.312905,-1.9618
-0.134939,-1.98725
0.0425647,-1.99601
0.21835,-1.98743
0.391231,-1.96123
0.560129,-1.91775
0.724094,-1.85784
0.882292,-1.78281
1.03394,-1.69405
1.17825,-1.59296
1.31435,-1.48076
1.44123,-1.35857
1.55777,-1.2274
1.66272,-1.08831
1.75477,-0.942442
1.83263,-0.791146
1.89521,-0.636018
1.94179,-0.478893
1.97217,-0.321764
1.98673,-0.166633
1.98644,-0.0153311
1.97269,0.130613
1.94707,0.270038
1.91122,0.402148
1.86673,0.526455
1.81501,0.642714
1.75731,0.750861
1.69472,0.850951
1.62813,0.943121
1.55832,1.02755
1.48592,1.10445
1.41145,1.17404
1.33537,1.23652
1.25803,1.29208
1.17974,1.34091
1.10075,1.38315
1.02129,1.41895
0.941534,1.44839
0.861668,1.47156
0.781848,1.48853
0.702229,1.49931
0.622966,1.50393
0.544223,1.50239
0.466175,1.49467
0.389016,1.48073
0.31296,1.46055
0.238252,1.43408
0.16517,1.40127
0.0940319,1.36211
0.0252068,1.31654
-0.0408801,1.26458
-0.103735,1.20623
-0.162784,1.14157
-0.217362,1.07071
-0.266695,0.993859
-0.309894,0.911356
-0.345944,0.823694
-0.373707,0.731593
-0.391942,0.636071
-0.399348,0.538519
-0.394654,0.440789
-0.376754,0.345253
-0.344904,0.254824
-0.298956,0.172887
-0.239611,0.103107
-0.168601,0.0491088
-0.0887438,0.0140384
-0.00378504,0.000107644
0.0819598,0.00822885
0.164112,0.0378561
0.238749,0.0870851
0.302809,0.152978
0.354295,0.232013
0.392262,0.320532
0.416657,0.415097
0.428075,0.512706
0.427519,0.610886
0.416193,0.707693
0.395355,0.801648
0.366224,0.891667
0.329923,0.976972
0.287461,1.05702
0.239726,1.13145
0.187489,1.20003
0.131418,1.26261
0.072087,1.31913
0.00999215,1.36956
-0.0544404,1.41391
-0.120843,1.45221
-0.188898,1.48453
-0.25833,1.5109
-0.328903,1.53141
-0.400411,1.54612
-0.472675,1.55508
-0.54554,1.55835
-0.618869,1.55598
-0.692542,1.548
-0.766448,1.53442
-0.840484,1.51525
-0.914547,1.49044
-0.988534,1.45997
-1.06233,1.42375
-1.13581,1.38168
-1.20881,1.33364
-1.28117,1.27947
-1.35266,1.21901
-1.42303,1.15205
-1.49196,1.07839
-1.55905,0.997789
-1.62386,0.910019
-1.6858,0.814849
-1.74421,0.712067
-1.79828,0.601495
-1.84704,0.483015
-1.88935,0.356606
-1.92385,0.222384
-1.949,0.0806713
-1.96303,-0.0679304
-1.96404,-0.222446
-1.95009,-0.381444
-1.91943,-0.542991
-1.87077,-0.704714
-1.8036,-0.863989
-1.71832,-1.01824
-1.61619,-1.16523
-1.49905,-1.30321
-1.369,-1.43096
-1.22814,-1.54763
-1.07843,-1.6526
-0.92158,-1.74533
-0.759095,-1.82519
-0.592272,-1.8914
-0.422269,-1.94291
-0.250162,-1.97854
-0.0769984,-1.99708
0.0961812,-1.99768
0.268349,-1.98011
0.438519,-1.94489
0.605753,-1.89312
0.769142,-1.82618
0.927754,-1.74541
1.08057,-1.65194
1.22641,-1.54672
1.36392,-1.43051
1.49153,-1.30403
1.6075,-1.16809
1.70996,-1.02371
1.79713,-0.872277
1.8675,-0.715585
1.92017,-0.555826
1.95502,-0.39541
1.97275,-0.236712
1.97473,-0.0818178
1.96271,0.0676168
1.9386,0.210402
1.90423,0.34576
1.86128,0.473245
1.81123,0.592653
1.75533,0.703951
1.69467,0.807224
1.63013,0.902629
1.56246,0.990368
1.49229,1.07066
1.42014,1.14375
1.34642,1.20984
1.27149,1.26916
1.19564,1.3219
1.11912,1.36823
1.04212,1.4083
0.964824,1.44222
0.887378,1.4701
0.809922,1.49201
0.732585,1.50799
0.655495,1.51808
0.578785,1.52228
0.502594,1.52057
0.427076,1.51294
0.352403,1.49934
0.278767,1.47974
0.206391,1.45409
0.135529,1.42233
0.0664707,1.38442
-0.000445554,1.34034
-0.0648313,1.29006
-0.126236,1.23359
-0.184139,1.17098
-0.237937,1.10233
-0.286932,1.02782
-0.330325,0.947732
-0.367203,0.862484
-0.396544,0.772693
-0.417227,0.679224
-0.428064,0.583265
-0.42787,0.486396
-0.415563,0.39066
-0.390328,0.298591
-0.351809,0.213191
-0.300341,0.137807
-0.237141,0.075899
-0.164428,0.030691
-0.0853742,0.00477035
-0.00388944,-0.00029155
0.0757657,0.0158085
0.149443,0.0520505
0.213541,0.106247
0.265324,0.175364
0.303058,0.255917
0.325986,0.344353
0.334173,0.437347
0.328295,0.53199
0.309421,0.625872
0.278823,0.717078
0.237838,0.804146
0.187768,0.885993
0.12983,0.96184
0.0651231,1.03114
-0.00537624,1.09352
-0.0808117,1.14874
-0.160437,1.19663
-0.243603,1.2371
-0.329742,1.27009
-0.418358,1.29556
-0.509009,1.31347
-0.601297,1.32379
-0.694858,1.32649
-0.789346,1.32152
-0.884427,1.30881
-0.979766,1.28825
-1.07501,1.25976
-1.16979,1.22317
-1.26368,1.17832
-1.3562,1.12501
-1.44677,1.06303
-1.53473,0.992127
-1.61923,0.912044
-1.69927,0.822535
-1.77358,0.723394
-1.84064,0.614512
-1.89861,0.495966
-1.9454,0.368145
-1.97885,0.23189
-1.99701,0.0885857
-1.99861,-0.0598896
-1.98331,-0.211404
-1.95173,-0.363892
-1.90514,-0.515594
-1.84512,-0.66514
-1.77328,-0.811495
-1.69107,-0.953873
-1.59978,-1.09162
-1.50043,-1.22412
-1.39382,-1.35067
-1.28049,-1.47035
-1.16067,-1.58186
-1.03435,-1.6834
-0.901256,-1.7726
-0.760956,-1.84679
-0.613118,-1.90361
-0.457809,-1.94188
-0.295662,-1.96205
-0.127754,-1.96572
0.0446619,-1.95476
0.220335,-1.93065
0.398039,-1.89424
0.576482,-1.84573
0.754169,-1.78477
0.929242,-1.71062
1.09933,-1.6223
1.2614,-1.51881
1.41171,-1.39945
1.54604,-1.26432
1.66032,-1.11491
1.75172,-0.954332
1.8195,-0.786859
1.86493,-0.6169
1.8905,-0.448171
1.89912,-0.283401
1.89356,-0.124422
1.87626,0.0276175
1.84932,0.172056
1.81448,0.308565
1.77319,0.437044
1.72667,0.557546
1.6759,0.670221
1.62171,0.775281
1.56477,0.872974
1.50563,0.963564
1.44476,1.04732
1.38252,1.12451
1.31922,1.19538
1.25509,1.26017
1.19035,1.31911
1.12515,1.3724
1.05963,1.42022
0.993878,1.46274
0.927989,1.50009
0.862026,1.53238
0.796047,1.55971
0.730099,1.58213
0.664228,1.59968
0.598479,1.61238
0.532904,1.6202
0.467559,1.62313
0.402517,1.62111
0.337863,1.61408
0.2737,1.60195
0.210153,1.58464
0.14737,1.56205
0.0855288,1.53409
0.0248345,1.50068
-0.0344723,1.46172
-0.0921125,1.41714
-0.147763,1.36689
-0.20105,1.31093
-0.251541,1.24924
-0.298735,1.18189
-0.342055,1.10894
-0.380831,1.03058
-0.414294,0.947087
-0.441566,0.858875
-0.461658,0.766555
-0.473479,0.67099
-0.475867,0.573365
-0.467654,0.47527
-0.44777,0.378766
-0.415403,0.28643
-0.370208,0.201328
-0.312553,0.126895
-0.243726,0.0666765
-0.166062,0.0239559
-0.0828922,0.00130894
0.00171721,0.000196096
0.0833911,0.0207058
0.157957,0.0615283
0.221904,0.120166
0.272685,0.193312
0.308823,0.277293
0.329835,0.368461
0.336037,0.463491
0.328308,0.559536
0.307859,0.65429
0.276049,0.745956
0.234256,0.833188
0.183792,0.915006
0.125857,0.990718
0.0615239,1.05985
-0.0082649,1.12208
-0.0826899,1.17722
-0.161041,1.22513
-0.242703,1.26574
-0.327142,1.29902
-0.413891,1.32493
-0.502534,1.34347
-0.592703,1.35461
-0.684057,1.35834
-0.776278,1.35461
-0.869059,1.34337
-0.962094,1.32454
-1.05507,1.29802
-1.14764,1.2637
-1.23943,1.2214
-1.33001,1.17097
-1.41889,1.11218
-1.50546,1.04483
-1.589,0.968657
-1.66864,0.883435
-1.7433,0.788952
-1.81168,0.685068
-1.87223,0.571782
-1.92315,0.449322
-1.96254,0.318261
-1.98853,0.17961
-1.99964,0.0348392
-1.99505,-0.114238
-1.97474,-0.265691
-1.93937,-0.41771
-1.89007,-0.56875
-1.82814,-0.717565
-1.7549,-0.863158
-1.67153,-1.0047
-1.57906,-1.14145
-1.47829,-1.27261
-1.36979,-1.39726
-1.2539,-1.51421
-1.13067,-1.62187
-0.999951,-1.71823
-0.861443,-1.80095
-0.714901,-1.86782
-0.560393,-1.9174
-0.398476,-1.94948
-0.230152,-1.96493
-0.0566592,-1.96515
0.120709,-1.95138
0.30066,-1.92442
0.481844,-1.88452
0.662736,-1.8314
0.841483,-1.76441
1.01577,-1.68265
1.18268,-1.58521
1.33868,-1.47148
1.47982,-1.34157
1.60229,-1.19688
1.70329,-1.04027
1.78182,-0.875716
1.83866,-0.707421
1.87582,-0.539097
1.89583,-0.373595
1.90125,-0.212925
1.8944,-0.0584152
1.87733,0.0891147
1.85177,0.229204
1.8192,0.361643
1.78085,0.486396
1.73774,0.603544
1.69073,0.713244
1.64053,0.8157
1.58774,0.911146
1.53284,0.999828
1.47625,1.082
1.41831,1.15791
1.35929,1.22781
1.29943,1.29192
1.23892,1.35047
1.17792,1.40368
1.11655,1.45172
1.05491,1.49476
0.993087,1.53296
0.931135,1.56642
0.869103,1.59525
0.807026,1.6195
0.744935,1.63922
0.682858,1.6544
0.620827,1.66504
0.558878,1.67108
0.497058,1.67245
0.435426,1.66908
0.374058,1.66086
0.313049,1.64767
0.252517,1.6294
0.192603,1.60594
0.133475,1.57715
0.0753294,1.54292
0.0183971,1.50315
-0.0370547,1.45773
-0.0907155,1.40659
-0.142225,1.34965
-0.191164,1.28689
-0.237043,1.21829
-0.279285,1.1439
-0.317216,1.06383
-0.350038,0.978277
-0.376815,0.887583
-0.396452,0.792264
-0.40769,0.693097
-0.409113,0.59121
-0.399197,0.488199
-0.376411,0.386243
-0.339405,0.288206
-0.287294,0.197649
-0.220011,0.118695
-0.138661,0.0556543
-0.0457193,0.0124253
0.0550788,-0.00822452
0.159226,-0.00525077
0.262179,0.0204589
0.360082,0.0663529
0.450214,0.128828
0.531084,0.203922
0.602242,0.287862
0.663971,0.377384
0.716985,0.469843
0.762194,0.563188
0.80055,0.655877
0.832966,0.746774
0.860266,0.835053
0.883182,0.920122
0.902346,1.00156
0.918305,1.07906
0.931529,1.15242
0.942426,1.22151
0.951349,1.28622
0.958605,1.34653
0.964468,1.4024
0.969174,1.45385
0.972938,1.50089
0.975946,1.54357
0.978364,1.58194
0.980331,1.61605
0.981966,1.64597
0.983357,1.67175
0.984562,1.69342
0.985606,1.71099
0.986476,1.72443
0.987124,1.73364
0.987474,1.73848
0.987429,1.73874
0.986896,1.73418
0.985799,1.72452
0.984098,1.70952
0.981791,1.68896
0.978917,1.66272
0.975539,1.63071
0.971743,1.59292
0.967616,1.5494
0.963246,1.50023
0.958713,1.44553
0.954085,1.38546
0.949414,1.3202
0.944741,1.24995
0.940085,1.17498
0.935451,1.09557
0.930827,1.01204
0.926191,0.924783
0.921512,0.8342
0.916767,0.740745
0.911951,0.644874
0.907094,0.547006
0.902276,0.447451
0.897619,0.346311
0.893242,0.243363
0.889171,0.137941
0.885164,0.0288855
0.880509,-0.0854154
0.873813,-0.206811
0.86291,-0.33702
0.844963,-0.477179
0.816792,-0.627433
0.775373,-0.786746
0.718307,-0.952986
0.644104,-1.12322
0.552162,-1.29405
0.442505,-1.46173
0.315379,-1.6219
0.170873,-1.76849
0.00888723,-1.89099
-0.168941,-1.96846
-0.350856,-1.96702
-0.512438,-1.87567
-0.642402,-1.72724
-0.744374,-1.55178
-0.822912,-1.36415
-0.880676,-1.17201
-0.919076,-0.980235
-0.939033,-0.79265
-0.94154,-0.61265
-0.928057,-0.443262
-0.900697,-0.286949
-0.862175,-0.145319
-0.815523,-0.0189056
-0.763696,0.0928494
-0.709186,0.191391
-0.653783,0.278697
-0.598532,0.356892
-0.543832,0.42793
-0.489631,0.493406
-0.435631,0.554485
-0.38145,0.611917
-0.326746,0.666117
-0.271268,0.717251
-0.214882,0.76532
-0.15756,0.810233
-0.0993559,0.851855
-0.0403816,0.890041
0.0192184,0.924657
0.0792867,0.955587
0.139667,0.982736
0.200215,1.00603
0.260799,1.02542
0.321308,1.04087
0.381646,1.05235
0.441736,1.05985
0.501515,1.06336
0.56093,1.06288
0.619941,1.05841
0.678515,1.04997
0.736625,1.03756
0.794249,1.0212
0.851368,1.0009
0.907969,0.976665
0.964036,0.948524
1.01956,0.916491
1.07453,0.880585
1.12895,0.840823
1.1828,0.797227
1.23609,0.749815
1.28881,0.698608
1.34097,0.643626
1.39257,0.584888
1.4436,0.522417
1.49404,0.456239
1.54387,0.386386
1.59301,0.312905
1.64137,0.235865
1.68876,0.155374
1.7349,0.071598
1.77931,-0.0152076
1.82127,-0.104648
1.85959,-0.196126
1.89239,-0.288743
1.91661,-0.38122
1.92763,-0.471924
1.91953,-0.559333
1.88746,-0.643049
1.83085,-0.724359
1.75346,-0.805301
1.66023,-0.887491
1.55519,-0.971833
1.44097,-1.05872
1.31906,-1.1482
1.19005,-1.24007
1.05386,-1.33387
0.909925,-1.42876
0.757373,-1.52343
0.595261,-1.61602
0.422787,-1.70398
0.239505,-1.78395
0.0455583,-1.85148
-0.157958,-1.90049
-0.368166,-1.92241
-0.578635,-1.90592
-0.77789,-1.84111
-0.953566,-1.72919
-1.10038,-1.58342
-1.22003,-1.4184
-1.31637,-1.24427
-1.39303,-1.0674
-1.45314,-0.891773
-1.49938,-0.719986
-1.53411,-0.553695
-1.55946,-0.393882
-1.57729,-0.241035
-1.58917,-0.0952901
-1.59639,0.0434425
-1.59998,0.17537
-1.60068,0.300736
-1.59904,0.41976
-1.59544,0.532612
-1.5901,0.639395
-1.58317,0.740148
-1.5747,0.834853
-1.56469,0.923447
-1.55309,1.00584
-1.53982,1.08191
-1.52479,1.15155
-1.50789,1.21468
-1.48902,1.27124
-1.46813,1.32127
-1.44522,1.36489
-1.42039,1.40232
-1.39383,1.43389
-1.36581,1.45999
-1.33666,1.48102
-1.30671,1.49735
-1.27628,1.50932
-1.2456,1.51716
-1.21489,1.52104
-1.18428,1.52109
-1.15386,1.51735
-1.12366,1.50985
-1.09367,1.49858
-1.06388,1.4835
-1.03422,1.46458
-1.00461,1.44177
-0.974954,1.41502
-0.945154,1.38428
-0.915086,1.34952
-0.88462,1.31068
-0.853617,1.26775
-0.821921,1.2207
-0.789369,1.16953
-0.755777,1.11424
-0.720945,1.05486
-0.68465,0.991417
-0.646636,0.923988
-0.606617,0.852665
-0.564257,0.777585
-0.51917,0.698937
-0.470905,0.616983
-0.418939,0.532074
-0.362682,0.444687
-0.30149,0.355439
-0.234717,0.265109
-0.161811,0.174608
-0.0824523,0.0848856
0.00329695,-0.00324011
0.0949159,-0.0892925
0.191488,-0.173281
0.291897,-0.255682
0.395061,-0.337273
0.50009,-0.418896
0.606338,-0.501277
0.713379,-0.584909
0.820938,-0.670003
0.928817,-0.756451
1.03681,-0.84377
1.14458,-0.930977
1.25145,-1.01632
1.3559,-1.09669
1.45425,-1.16632
1.53705,-1.21417
1.5823,-1.22311
1.56554,-1.18733
1.49407,-1.12694
1.39067,-1.06038
1.27025,-0.994985
1.14088,-0.933097
1.00744,-0.875301
0.873354,-0.821474
0.741407,-0.771179
0.614054,-0.723868
0.493519,-0.679044
0.381688,-0.636441
0.279888,-0.596164
0.188599,-0.558733
0.107246,-0.524959
0.0341425,-0.495656
-0.0333378,-0.471256
-0.0983932,-0.451473
-0.164304,-0.435104
-0.233915,-0.420036
-0.309196,-0.403482
-0.390956,-0.382384
-0.478791,-0.353911
-0.571269,-0.315913
-0.666293,-0.267222
-0.761544,-0.207728
-0.854872,-0.13824
-0.944553,-0.0602099
-1.02939,0.0245725
-1.10868,0.114245
-1.18215,0.207056
-1.24977,0.301464
-1.31171,0.396171
-1.36819,0.490119
-1.41943,0.582457
-1.46558,0.672496
-1.50664,0.759662
-1.54242,0.843431
-1.57244,0.923249
-1.59577,0.998401
-1.61091,1.06781
-1.61565,1.12972
-1.60733,1.18146
-1.58392,1.21971
-1.54568,1.24191
-1.49531,1.2476
-1.4364,1.23815
-1.37194,1.21556
-1.304,1.18165
-1.23393,1.13787
-1.16261,1.08536
-1.09062,1.02505
-1.01833,0.957736
-0.94599,0.884159
-0.873714,0.805086
-0.801509,0.721365
-0.729249,0.633993
-0.656658,0.544201
-0.583279,0.453526
-0.508453,0.363892
-0.431341,0.277649
-0.350987,0.197548
-0.266465,0.126602
-0.177072,0.0678219
-0.0824992,0.0238618
0.0170846,-0.00335551
0.121095,-0.012952
0.228704,-0.00527569
0.339058,0.0181033
0.451444,0.0546074
0.565363,0.101041
0.680492,0.154043
0.796603,0.210453
0.913471,0.267528
1.03082,0.322993
1.14827,0.37499
1.26533,0.42197
1.38129,0.46257
1.4952,0.495477
1.60561,0.51928
1.71023,0.532287
1.80521,0.532322
1.88373,0.51668
1.93489,0.483126
1.94751,0.433088
1.92095,0.373009
1.86539,0.309137
1.79116,0.244289
1.70472,0.179272
1.60961,0.114328
1.50769,0.0497099
1.39999,-0.0141176
1.28703,-0.0763843
1.16916,-0.135951
1.04671,-0.19125
0.920226,-0.240254
0.790703,-0.280494
0.659833,-0.309195
0.530248,-0.323577
0.40561,-0.321362
0.290444,-0.301392
0.189622,-0.264168
0.107615,-0.212073
0.047744,-0.149107
0.0117475,-0.0802591
-0.000242326,-0.010764
0.0106171,0.0544735
0.0423268,0.111171
0.0924429,0.155692
0.158316,0.184908
0.237144,0.196034
0.325886,0.186532
0.421106,0.154176
0.518886,0.0972867
0.614889,0.0150707
0.70466,-0.0920771
0.784061,-0.222463
0.849709,-0.373266
0.899222,-0.54093
0.931184,-0.721619
0.944855,-0.911539
0.939719,-1.10701
0.91491,-1.3042
0.868478,-1.49819
0.796289,-1.6808
0.690766,-1.83468
0.544918,-1.92429
0.371918,-1.91985
0.198468,-1.8429
0.0363915,-1.72631
-0.111687,-1.58767
-0.244747,-1.43561
-0.361662,-1.27521
-0.46112,-1.11031
-0.541977,-0.944557
-0.603751,-0.781667
-0.647084,-0.625289
-0.673957,-0.478517
-0.687515,-0.343321
-0.691508,-0.220185
-0.689581,-0.108125
-0.684678,-0.00508817
-0.678739,0.0914685
-0.672725,0.184007
-0.666849,0.274518
-0.66089,0.364332
-0.654472,0.45413
-0.647253,0.544045
-0.639023,0.633834
-0.62972,0.723027
-0.619403,0.811056
-0.608215,0.89734
-0.596335,0.981337
-0.583949,1.06257
-0.57123,1.14064
-0.558323,1.21521
-0.545346,1.28603
-0.532383,1.35288
-0.519493,1.41564
-0.506707,1.47421
-0.49404,1.52852
-0.481486,1.57858
-0.469027,1.62442
-0.456637,1.6661
-0.444281,1.70373
-0.431923,1.73746
-0.419525,1.76745
-0.407049,1.79391
-0.394462,1.81706
-0.381734,1.83715
-0.368841,1.85443
-0.355763,1.86914
-0.342485,1.88152
-0.328993,1.89181
-0.315276,1.90018
-0.301322,1.90681
-0.287119,1.91182
-0.272652,1.9153
-0.257904,1.91728
-0.242855,1.91778
-0.227486,1.91673
-0.211778,1.91406
-0.195713,1.90964
-0.179282,1.90328
-0.162479,1.8948
-0.145314,1.88395
-0.127808,1.87049
-0.109997,1.85414
-0.0919358,1.83463
-0.0736935,1.81169
-0.0553575,1.78506
-0.0370297,1.75449
-0.0188264,1.71977
-0.00087623,1.6807
0.0166811,1.6371
0.0336953,1.58883
0.050006,1.53576
0.0654425,1.47778
0.0798217,1.41483
0.0929467,1.34684
0.104603,1.27376
0.114556,1.19557
0.122542,1.11226
0.128264,1.02384
0.131384,0.930355
0.13151,0.831865
0.128193,0.72848
0.120918,0.62036
0.109112,0.507741
0.0921748,0.390948
0.0695532,0.270409
0.040861,0.146637
0.00603393,0.0201604
-0.0345572,-0.108584
-0.0801313,-0.239357
-0.129684,-0.372145
-0.182247,-0.507088
-0.23708,-0.644347
-0.293751,-0.783972
-0.352113,-0.925803
-0.412253,-1.06938
-0.474431,-1.21381
-0.539022,-1.35753
-0.606434,-1.49776
-0.67683,-1.62923
-0.749045,-1.74096
-0.816071,-1.80879
-0.855579,-1.79709
-0.848638,-1.70946
-0.805781,-1.58621
-0.742117,-1.45114
-0.666544,-1.31355
-0.584281,-1.17727
-0.498871,-1.04402
-0.413136,-0.914605
-0.329643,-0.78931
-0.250913,-0.668142
-0.179471,-0.550929
-0.117745,-0.437435
-0.067838,-0.327462
-0.0312652,-0.220937
-0.00874331,-0.117934
-0.000127737,-0.0186484
-0.00451052,0.0766886
-0.0204296,0.167877
-0.0461183,0.254797
-0.0797355,0.337413
-0.11954,0.415754
-0.164,0.489889
-0.211838,0.559895
-0.262037,0.625845
-0.313817,0.687794
-0.366594,0.745782
-0.419947,0.799833
-0.473578,0.84996
-0.527285,0.896166
-0.580941,0.938451
-0.634467,0.976812
-0.687828,1.01125
-0.741016,1.04175
-0.794042,1.06832
-0.846933,1.09096
-0.899724,1.10967
-0.952457,1.12445
-1.00517,1.13531
-1.05792,1.14225
-1.11073,1.14529
-1.16363,1.14442
-1.21666,1.13964
-1.26981,1.13097
-1.32308,1.1184
-1.37644,1.10193
-1.42982,1.08154
-1.48312,1.05721
-1.53617,1.02892
-1.58874,0.996605
-1.64049,0.960202
-1.69095,0.919598
-1.73947,0.874633
-1.78517,0.825068
-1.8269,0.770567
-1.8633,0.710674
-1.89288,0.644832
-1.91433,0.572451
-1.92684,0.493043
-1.93027,0.406343
-1.92504,0.31234
-1.91188,0.211218
-1.89156,0.103261
-1.86471,-0.0112293
-1.83172,-0.131971
-1.79273,-0.258716
-1.7476,-0.391236
-1.69589,-0.529282
-1.63686,-0.67252
-1.56948,-0.820448
-1.4924,-0.972275
-1.40403,-1.12678
-1.30257,-1.28214
-1.18605,-1.43566
-1.05241,-1.58344
-0.899673,-1.71982
-0.726523,-1.8367
-0.533738,-1.92371
-0.326277,-1.97137
-0.113073,-1.97696
0.0970375,-1.94603
0.298471,-1.88754
0.488656,-1.8096
0.66677,-1.71844
0.832895,-1.61866
0.987577,-1.51368
1.13156,-1.406
1.26559,-1.29742
1.39019,-1.18917
1.50559,-1.08206
1.61146,-0.976549
1.70688,-0.872793
1.7902,-0.770694
1.85907,-0.669864
1.91095,-0.569643
1.94415,-0.469296
1.95906,-0.368402
1.95826,-0.267153
1.94533,-0.166233
1.92357,-0.066474
1.89548,0.0313829
1.86283,0.126765
1.82685,0.219258
1.78833,0.308569
1.74784,0.394492
1.70576,0.47688
1.66239,0.555627
1.61792,0.630654
1.57252,0.7019
1.52631,0.769319
1.47942,0.832873
1.43193,0.892534
1.38394,0.94828
1.33554,1.0001
1.2868,1.04797
1.23781,1.09191
1.18862,1.1319
1.1393,1.16795
1.08991,1.20006
1.04048,1.22825
0.991063,1.25253
0.941676,1.27289
0.892339,1.28934
0.843061,1.30189
0.793844,1.31055
0.744681,1.3153
0.69556,1.31614
0.646466,1.31308
0.597379,1.3061
0.548282,1.29519
0.499158,1.28036
0.449998,1.26158
0.400799,1.23888
0.351573,1.21224
0.302349,1.18168
0.25318,1.14723
0.204146,1.10891
0.155366,1.06679
0.107005,1.02094
0.0592787,0.97146
0.0124698,0.918504
-0.0330706,0.862265
-0.0769161,0.803001
-0.118568,0.741051
-0.15747,0.676849
-0.193034,0.610942
-0.224691,0.54399
-0.251956,0.476765
-0.274509,0.410111
-0.292283,0.344883
-0.305529,0.281841
-0.314845,0.221512
-0.321141,0.164026
-0.325522,0.10896
-0.329075,0.0551987
-0.332577,0.000888228
-0.336138,-0.056503
-0.338841,-0.119946
-0.338468,-0.192418
-0.331449,-0.276279
-0.313172,-0.372588
-0.27872,-0.480552
-0.223913,-0.597415
-0.14632,-0.718932
-0.0457845,-0.84033
0.0757622,-0.957312
0.215029,-1.06669
0.368238,-1.16643
0.531762,-1.25531
