0.707107,0.707107
0.707352,0.706862
0.708087,0.706125
0.709311,0.704895
0.711024,0.703167
0.713225,0.700936
0.71591,0.698192
0.719079,0.694928
0.722728,0.691132
0.726854,0.686792
0.731453,0.681892
0.736518,0.676418
0.742044,0.670351
0.748023,0.663673
0.754446,0.656362
0.761301,0.648398
0.768577,0.639757
0.776259,0.630414
0.784329,0.620345
0.792768,0.609523
0.801554,0.597922
0.810661,0.585516
0.82006,0.572277
0.82972,0.55818
0.839603,0.5432
0.849672,0.527312
0.859881,0.510495
0.870184,0.492727
0.880529,0.473992
0.890862,0.454275
0.901123,0.433564
0.911251,0.411851
0.921182,0.389133
0.930847,0.36541
0.940176,0.340688
0.9491,0.314975
0.957545,0.288285
0.965437,0.260638
0.972702,0.232056
0.979268,0.202569
0.985061,0.172208
0.990008,0.141011
0.994039,0.109021
0.997086,0.0762841
0.999081,0.0428534
0.999961,0.00878522
0.999666,-0.0258582
0.998137,-0.0610098
0.995324,-0.096597
0.991177,-0.132542
0.985657,-0.168761
0.978727,-0.205166
0.97036,-0.241663
0.960537,-0.278151
0.949248,-0.314527
0.936495,-0.350682
0.922289,-0.386502
0.906656,-0.421872
0.889635,-0.456672
0.871281,-0.490784
0.851665,-0.524087
0.830871,-0.556465
0.809005,-0.587802
0.786187,-0.617988
0.762556,-0.646922
0.738267,-0.674508
0.713492,-0.700664
0.688417,-0.725315
0.663242,-0.748405
0.638181,-0.769886
0.613456,-0.789729
0.589297,-0.807916
0.565941,-0.824446
0.543626,-0.839328
0.522591,-0.852584
0.503069,-0.864246
0.485289,-0.874354
0.469461,-0.882953
0.455775,-0.890095
0.444382,-0.895837
0.435376,-0.900249
0.428765,-0.903416
0.424427,-0.905462
0.42207,-0.906563
0.421194,-0.90697
0.421091,-0.907018
0.420904,-0.907105
0.419737,-0.907646
0.416779,-0.909008
0.411386,-0.911461
0.403107,-0.915153
0.391656,-0.920112
0.376872,-0.926265
0.358686,-0.933458
0.337084,-0.941474
0.312096,-0.950051
0.283781,-0.958889
0.252226,-0.967668
0.217543,-0.976051
0.179868,-0.983691
0.139363,-0.990241
0.0962136,-0.995361
0.0506286,-0.998718
0.00283879,-0.999996
-0.046906,-0.998899
-0.09834,-0.995153
-0.151184,-0.988506
-0.205148,-0.978731
-0.259935,-0.965626
-0.31524,-0.949012
-0.370751,-0.928732
-0.426147,-0.904654
-0.481095,-0.876668
-0.535245,-0.844697
-0.58822,-0.808701
-0.639614,-0.768696
-0.688985,-0.724776
-0.735856,-0.677138
-0.779735,-0.62611
-0.820141,-0.572161
-0.856651,-0.515897
-0.888946,-0.458012
-0.916851,-0.39923
-0.94034,-0.340237
-0.959524,-0.281626
-0.974617,-0.223877
-0.985896,-0.167356
-0.993671,-0.112327
-0.99826,-0.0589712
-0.999973,-0.00740967
-0.999106,0.0422834
-0.995936,0.0900669
-0.990719,0.135924
-0.983693,0.179856
-0.975075,0.221876
-0.965065,0.262009
-0.953849,0.300286
-0.941596,0.336745
-0.928462,0.371428
-0.91459,0.404382
-0.900112,0.435658
-0.885149,0.465308
-0.86981,0.493388
-0.854195,0.519953
-0.838395,0.545063
-0.822493,0.568776
-0.806561,0.591151
-0.790664,0.61225
-0.774862,0.632131
-0.759204,0.650853
-0.743736,0.668474
-0.728495,0.685052
-0.713513,0.700642
-0.698819,0.715299
-0.684433,0.729076
-0.670374,0.742023
-0.656656,0.75419
-0.643287,0.765625
-0.630276,0.776371
-0.617624,0.786474
-0.605333,0.795973
-0.593401,0.804907
-0.581824,0.813315
-0.570597,0.82123
-0.559713,0.828687
-0.549162,0.835716
-0.538937,0.842346
-0.529025,0.848606
-0.519415,0.854522
-0.510097,0.860117
-0.501057,0.865414
-0.492284,0.870435
-0.483763,0.875199
-0.475484,0.879724
-0.467433,0.884029
-0.459597,0.888128
-0.451965,0.892036
-0.444524,0.895767
-0.437264,0.899333
-0.430174,0.902746
-0.423242,0.906017
-0.416459,0.909155
-0.409816,0.912168
-0.403305,0.915066
-0.396918,0.917854
-0.390647,0.920541
-0.384487,0.92313
-0.378433,0.925629
-0.372479,0.928041
-0.366624,0.930369
-0.360863,0.932619
-0.355196,0.934792
-0.349623,0.936891
-0.344143,0.938917
-0.338759,0.940873
-0.333473,0.94276
-0.32829,0.944577
-0.323214,0.946326
-0.318252,0.948006
-0.313412,0.949617
-0.308701,0.951159
-0.304131,0.95263
-0.299712,0.95403
-0.295458,0.955356
-0.291381,0.956607
-0.287498,0.957781
-0.283825,0.958876
-0.28038,0.959889
-0.277182,0.960818
-0.274252,0.961658
-0.271612,0.962407
-0.269286,0.96306
-0.267299,0.963614
-0.265678,0.964062
-0.264449,0.9644
-0.263643,0.96462
-0.26329,0.964717
-0.263424,0.96468
-0.264076,0.964502
-0.265283,0.964171
-0.267081,0.963674
-0.269507,0.962998
-0.272601,0.962127
-0.276402,0.961042
-0.280952,0.959722
-0.286292,0.958142
-0.292464,0.956276
-0.299511,0.954093
-0.307476,0.951556
-0.316399,0.948626
-0.326321,0.945259
-0.337282,0.941404
-0.349318,0.937004
-0.362462,0.931999
-0.376743,0.926318
-0.392185,0.919887
-0.408805,0.912622
-0.426613,0.904434
-0.445611,0.895227
-0.465786,0.884897
-0.487118,0.873336
-0.509571,0.860429
-0.533093,0.846056
-0.557617,0.830099
-0.583056,0.812432
-0.609305,0.792936
-0.63624,0.771492
-0.663713,0.747987
-0.69156,0.722319
-0.719593,0.694397
-0.747606,0.664143
-0.775376,0.6315
-0.802663,0.596433
-0.829217,0.558927
-0.854776,0.518998
-0.879073,0.476688
-0.901841,0.432069
-0.922815,0.385243
-0.94174,0.336343
-0.95837,0.285528
-0.972481,0.232984
-0.983864,0.178919
-0.992337,0.12356
-0.997743,0.0671483
-0.999951,0.00993186
-0.998855,-0.0478363
-0.994376,-0.105906
-0.986455,-0.164032
-0.975051,-0.221981
-0.960136,-0.279533
-0.94169,-0.336483
-0.919691,-0.392642
-0.894115,-0.447837
-0.864921,-0.501909
-0.832045,-0.554708
-0.795397,-0.606089
-0.754842,-0.655906
-0.710197,-0.704003
-0.661211,-0.7502
-0.607558,-0.794275
-0.548818,-0.835942
-0.484467,-0.874809
-0.413889,-0.910328
-0.336437,-0.941706
-0.251652,-0.967818
-0.159738,-0.987159
-0.0623469,-0.998055
0.037028,-0.999314
0.134083,-0.99097
0.225594,-0.974221
0.310174,-0.95068
0.387729,-0.921773
0.458733,-0.888574
0.523797,-0.851843
0.583494,-0.812117
0.638306,-0.769783
0.688615,-0.725127
0.734718,-0.678373
0.776834,-0.629705
0.815125,-0.579285
0.849701,-0.527265
0.880634,-0.473797
0.907969,-0.419037
0.931728,-0.363156
0.951922,-0.306339
0.968558,-0.248787
0.981644,-0.19072
0.9912,-0.132375
0.997258,-0.074002
0.999874,-0.0158639
0.999127,0.0417705
0.995124,0.0986306
0.988001,0.15445
0.977922,0.208972
0.96508,0.261956
0.949694,0.313181
0.932003,0.362451
0.912266,0.409598
0.890754,0.454486
0.867745,0.49701
0.843522,0.537095
0.818363,0.574702
0.792541,0.609819
0.766318,0.642461
0.739941,0.672672
0.713639,0.700514
0.687622,0.726069
0.66208,0.749433
0.637178,0.770716
0.613063,0.790034
0.589856,0.807509
0.567659,0.823264
0.546554,0.837424
0.526605,0.85011
0.507857,0.861441
0.490341,0.871531
0.474075,0.880485
0.459063,0.888404
0.4453,0.895381
0.432773,0.901503
0.421461,0.906846
0.411337,0.911483
0.40237,0.915477
0.394524,0.918886
0.387761,0.92176
0.382042,0.924145
0.377326,0.92608
0.373571,0.927601
0.370735,0.928739
0.368777,0.929518
0.367656,0.929962
0.367331,0.93009
0.367762,0.92992
0.368913,0.929464
0.370746,0.928734
0.373226,0.92774
0.376319,0.92649
0.379992,0.92499
0.384215,0.923244
0.388957,0.921256
0.394192,0.919028
0.399893,0.916562
0.406035,0.913858
0.412595,0.910915
0.41955,0.907732
0.426882,0.904307
0.43457,0.900638
0.442598,0.89672
0.450949,0.89255
0.459608,0.888122
0.468563,0.88343
0.477802,0.878468
0.487313,0.873227
0.497087,0.867701
0.507117,0.861878
0.517393,0.855748
0.527912,0.849299
0.538666,0.842519
0.549652,0.835393
0.560867,0.827906
0.572307,0.820039
0.58397,0.811775
0.595855,0.803092
0.607958,0.793969
0.620279,0.784381
0.632816,0.774302
0.645566,0.763705
0.658526,0.752558
0.671691,0.740831
0.685057,0.728489
0.698617,0.715496
0.71236,0.701815
0.726274,0.687405
0.740345,0.672227
0.754554,0.656238
0.768878,0.639396
0.783288,0.621659
0.797753,0.602985
0.812232,0.583334
0.826682,0.562669
0.841052,0.540955
0.855282,0.518164
0.869308,0.494271
0.88306,0.46926
0.896462,0.443122
0.909431,0.415855
0.921883,0.387469
0.93373,0.357979
0.944882,0.327412
0.955249,0.295802
0.964744,0.263189
0.97328,0.229622
0.980772,0.195157
0.987141,0.159851
0.992311,0.123769
0.99621,0.0869785
0.998772,0.0495517
0.999933,0.0115628
0.999638,-0.0269099
0.997834,-0.0657851
0.994475,-0.104978
0.98952,-0.144399
0.982934,-0.183956
0.974692,-0.223553
0.964772,-0.263086
0.953165,-0.302452
0.939867,-0.341539
0.92489,-0.380234
0.908254,-0.418419
0.889994,-0.455973
0.870158,-0.492773
0.848811,-0.528696
0.826036,-0.563618
0.80193,-0.597419
0.776611,-0.629981
0.750216,-0.661193
0.722899,-0.690954
0.694835,-0.719169
0.666214,-0.745761
0.637245,-0.770661
0.60815,-0.793822
0.579166,-0.815209
0.55054,-0.834809
0.522525,-0.852624
0.495384,-0.868674
0.469378,-0.882997
0.444772,-0.895644
0.421824,-0.906678
0.400788,-0.916171
0.381904,-0.924202
0.365397,-0.930852
0.35146,-0.936203
0.340247,-0.940336
0.33184,-0.943336
0.326215,-0.945296
0.323193,-0.946333
0.322385,-0.946609
0.323149,-0.946348
0.32461,-0.945848
0.32575,-0.945456
0.32556,-0.945522
0.323178,-0.946338
0.317973,-0.9481
0.309537,-0.950887
0.297647,-0.954676
0.282208,-0.959353
0.263212,-0.964738
0.240707,-0.970598
0.214778,-0.976663
0.18554,-0.982637
0.153135,-0.988205
0.117726,-0.993046
0.0795025,-0.996835
0.0386743,-0.999252
-0.00452629,-0.99999
-0.0498472,-0.998757
-0.0970196,-0.995282
-0.14576,-0.98932
-0.195777,-0.980648
-0.246769,-0.969074
-0.298433,-0.954431
-0.350465,-0.936576
-0.402562,-0.915393
-0.454422,-0.890787
-0.505745,-0.862683
-0.556228,-0.83103
-0.605567,-0.795795
-0.653443,-0.756975
-0.699528,-0.714605
-0.74347,-0.66877
-0.784898,-0.619625
-0.823425,-0.567425
-0.858666,-0.512535
-0.890261,-0.455451
-0.917916,-0.396775
-0.94144,-0.337181
-0.960769,-0.277351
-0.975968,-0.217913
-0.987215,-0.159396
-0.994763,-0.102213
-0.998911,-0.046661
-0.999975,0.00706244
-0.998268,0.0588362
-0.994086,0.108597
-0.987706,0.156321
-0.979382,0.202015
-0.969345,0.245703
-0.957804,0.287423
-0.944948,0.327221
-0.930949,0.365148
-0.915964,0.401261
-0.900132,0.435616
-0.883583,0.468275
-0.866431,0.499296
-0.848783,0.528741
-0.830733,0.556671
-0.812368,0.583146
-0.793763,0.608227
-0.77499,0.631973
-0.75611,0.654445
-0.737178,0.675699
-0.718243,0.695792
-0.699348,0.714782
-0.680529,0.732721
-0.66182,0.749663
-0.643248,0.765658
-0.624835,0.780757
-0.6066,0.795007
-0.588559,0.808454
-0.570724,0.821142
-0.553103,0.833113
-0.535702,0.844407
-0.518526,0.855062
-0.501575,0.865114
-0.484849,0.874598
-0.468345,0.883546
-0.452061,0.891987
-0.43599,0.899951
-0.420128,0.907465
-0.404467,0.914553
-0.388999,0.921238
-0.373718,0.927543
-0.358613,0.933486
-0.343678,0.939088
-0.328902,0.944364
-0.314278,0.949331
-0.299798,0.954003
-0.285452,0.958393
-0.271233,0.962514
-0.257134,0.966376
-0.243147,0.969989
-0.229267,0.973363
-0.215488,0.976506
-0.201805,0.979426
-0.188214,0.982128
-0.174711,0.98462
-0.161294,0.986906
-0.147961,0.988993
-0.134711,0.990885
-0.121546,0.992586
-0.108465,0.9941
-0.0954708,0.995432
-0.0825671,0.996586
-0.0697578,0.997564
-0.0570482,0.998371
-0.0444445,0.999012
-0.0319543,0.999489
-0.0195859,0.999808
-0.00734908,0.999973
0.0047455,0.999989
0.0166859,0.999861
0.028459,0.999595
0.0400504,0.999198
0.0514448,0.998676
0.0626251,0.998037
0.0735734,0.99729
0.0842702,0.996443
0.0946946,0.995506
0.104824,0.994491
0.114636,0.993408
0.124105,0.992269
0.133203,0.991089
0.141904,0.98988
0.150177,0.988659
0.157992,0.98744
0.165317,0.98624
0.172117,0.985076
0.178359,0.983965
0.184008,0.982925
0.189027,0.981972
0.193381,0.981124
0.197035,0.980396
0.199957,0.979805
0.202116,0.979362
0.203486,0.979078
0.204047,0.978961
0.203784,0.979016
0.202693,0.979242
0.200784,0.979636
0.198076,0.980187
0.194609,0.980881
0.190438,0.981699
0.185639,0.982618
0.180308,0.98361
0.17456,0.984646
0.168531,0.985696
0.162368,0.98673
0.156231,0.98772
0.150288,0.988642
0.144702,0.989475
0.139634,0.990203
0.135233,0.990814
0.131631,0.991299
0.128942,0.991652
0.127259,0.991869
0.126654,0.991947
0.127177,0.99188
0.128859,0.991663
0.131714,0.991288
0.135742,0.990744
0.140928,0.99002
0.14725,0.989099
0.154677,0.987965
0.163171,0.986598
0.172693,0.984976
0.183199,0.983076
0.194645,0.980874
0.206986,0.978344
0.220176,0.97546
0.234173,0.972195
0.248933,0.968521
0.264414,0.964409
0.280578,0.959831
0.297384,0.954758
0.314797,0.949159
0.33278,0.943004
0.351301,0.936263
0.370326,0.928902
0.389824,0.92089
0.409764,0.912192
0.430118,0.902773
0.450856,0.892597
0.47195,0.881625
0.493373,0.869818
0.515097,0.857132
0.537093,0.843523
0.559334,0.828943
0.581789,0.81334
0.604429,0.796659
0.627222,0.77884
0.650133,0.75982
0.673125,0.739529
0.696157,0.717889
0.719184,0.694819
0.742155,0.670228
0.765011,0.644017
0.787684,0.616079
0.810095,0.586299
0.832147,0.554554
0.853729,0.520718
0.874703,0.48466
0.894902,0.446262
0.914129,0.405422
0.932147,0.362081
0.948679,0.31624
0.96342,0.267996
0.976047,0.217562
0.986248,0.165274
0.993756,0.111576
0.998376,0.0569719
0.999998,0.00196246
0.998594,-0.0530052
0.994198,-0.107569
0.98688,-0.161458
0.976728,-0.21448
0.963835,-0.266501
0.948283,-0.317427
0.930146,-0.36719
0.909489,-0.415728
0.886367,-0.462983
0.860829,-0.508894
0.832923,-0.553388
0.802698,-0.596385
0.770208,-0.637793
0.735515,-0.677508
0.698698,-0.715417
0.659851,-0.751397
0.619088,-0.785321
0.57655,-0.817062
0.532404,-0.84649
0.486845,-0.873488
0.4401,-0.897949
0.392426,-0.919783
0.34411,-0.938929
0.295465,-0.955353
0.246827,-0.96906
0.198549,-0.980091
0.150998,-0.988534
0.104541,-0.994521
0.0595466,-0.998226
0.0163715,-0.999866
-0.0246434,-0.999696
-0.063178,-0.998002
-0.0989367,-0.995094
-0.131649,-0.991296
-0.16107,-0.986943
-0.186976,-0.982365
-0.209157,-0.977882
-0.227415,-0.973798
-0.241549,-0.970389
-0.251349,-0.967896
-0.25659,-0.96652
-0.257025,-0.966405
-0.252406,-0.967621
-0.242526,-0.970145
-0.227331,-0.973818
-0.207127,-0.978314
-0.182866,-0.983138
-0.156333,-0.987704
-0.129914,-0.991525
-0.105925,-0.994374
-0.0860063,-0.996295
-0.0709891,-0.997477
-0.0611163,-0.998131
-0.0563062,-0.998414
-0.0563332,-0.998412
-0.0609229,-0.998142
-0.0697941,-0.997561
-0.0826726,-0.996577
-0.0992921,-0.995058
-0.119391,-0.992847
-0.142706,-0.989765
-0.168968,-0.985621
-0.197899,-0.980223
-0.229205,-0.973378
-0.262582,-0.96491
-0.297713,-0.954655
-0.33427,-0.942477
-0.371917,-0.928266
-0.410318,-0.911942
-0.449139,-0.893462
-0.488054,-0.872814
-0.526748,-0.850021
-0.564929,-0.82514
-0.602323,-0.798253
-0.638683,-0.76947
-0.673792,-0.738921
-0.707459,-0.706754
-0.739526,-0.673128
-0.769864,-0.638208
-0.798371,-0.602166
-0.824974,-0.565171
-0.849623,-0.52739
-0.872292,-0.488986
-0.892973,-0.450111
-0.911676,-0.41091
-0.928425,-0.371519
-0.943258,-0.332062
-0.956219,-0.292653
-0.967363,-0.253395
-0.97675,-0.214381
-0.984444,-0.175696
-0.990514,-0.137414
-0.995027,-0.0996009
-0.998056,-0.0623163
-0.999672,-0.0256123
-0.999945,0.010465
-0.998947,0.0458747
-0.996748,0.0805805
-0.993417,0.11455
-0.989024,0.147755
-0.983636,0.180168
-0.97732,0.211767
-0.970144,0.24253
-0.962173,0.272438
-0.953475,0.301473
-0.944114,0.329618
-0.934158,0.356859
-0.923672,0.383184
-0.912722,0.40858
-0.901375,0.43304
-0.889695,0.456556
-0.877747,0.479125
-0.865594,0.500746
-0.853299,0.521422
-0.840921,0.541158
-0.828515,0.559967
-0.816136,0.57786
-0.803831,0.594857
-0.791647,0.610979
-0.779622,0.626251
-0.767792,0.640699
-0.756188,0.654355
-0.744836,0.667248
-0.733757,0.679412
-0.72297,0.69088
-0.712488,0.701684
-0.702324,0.711858
-0.692485,0.721432
-0.682977,0.73044
-0.673806,0.738908
-0.664975,0.746866
-0.656485,0.754339
-0.648339,0.761352
-0.640538,0.767926
-0.633083,0.774084
-0.625977,0.779842
-0.61922,0.785217
-0.612817,0.790225
-0.60677,0.794878
-0.601083,0.799187
-0.595762,0.803161
-0.590814,0.806808
-0.586245,0.810134
-0.582064,0.813143
-0.578282,0.815837
-0.574908,0.818218
-0.571955,0.820285
-0.569437,0.822035
-0.567366,0.823466
-0.565759,0.82457
-0.564632,0.825343
-0.564002,0.825774
-0.563886,0.825853
-0.564304,0.825567
-0.565274,0.824903
-0.566817,0.823844
-0.568951,0.822372
-0.571697,0.820465
-0.575075,0.818101
-0.579104,0.815254
-0.583803,0.811896
-0.589189,0.807995
-0.59528,0.803519
-0.602089,0.798429
-0.609631,0.792685
-0.617916,0.786245
-0.626949,0.77906
-0.636737,0.771081
-0.647277,0.762255
-0.658566,0.752523
-0.670591,0.741827
-0.683337,0.730103
-0.69678,0.717284
-0.710889,0.703304
-0.725624,0.688091
-0.740937,0.671574
-0.75677,0.653682
-0.773053,0.634341
-0.789708,0.613483
-0.806645,0.591037
-0.82376,0.566938
-0.840942,0.541126
-0.858063,0.513544
-0.874988,0.484145
-0.891568,0.452887
-0.907645,0.419738
-0.923051,0.384677
-0.937609,0.347692
-0.951132,0.308786
-0.963427,0.267969
-0.974297,0.225267
-0.983535,0.180717
-0.990932,0.134367
-0.996271,0.0862772
-0.999333,0.0365172
-0.99989,-0.0148325
-0.997707,-0.0676825
-0.992538,-0.121935
-0.984124,-0.177482
-0.972187,-0.234208
-0.956424,-0.291982
-0.936503,-0.350658
-0.912057,-0.410064
-0.882673,-0.469988
-0.847903,-0.530152
-0.807273,-0.590179
-0.760329,-0.649538
-0.706735,-0.707479
-0.646432,-0.762972
-0.579844,-0.814728
-0.508005,-0.861354
-0.432454,-0.901656
-0.354887,-0.934909
-0.276784,-0.960932
-0.199233,-0.979952
-0.122947,-0.992413
-0.0483692,-0.99883
0.0242213,-0.999707
0.0946331,-0.995512
0.162716,-0.986673
0.228335,-0.973583
0.291358,-0.956614
0.351653,-0.93613
0.409085,-0.912496
0.463524,-0.886084
0.514848,-0.857281
0.562952,-0.82649
0.60775,-0.794129
0.649183,-0.760632
0.687226,-0.726444
0.721886,-0.692012
0.753207,-0.657784
0.781266,-0.624199
0.806173,-0.59168
0.828066,-0.56063
0.847103,-0.531428
0.863457,-0.504423
0.877304,-0.479934
0.888823,-0.458252
0.898176,-0.439635
0.905513,-0.42432
0.910951,-0.412515
0.914579,-0.404408
0.916445,-0.400161
0.916557,-0.399904
0.914886,-0.403713
0.911377,-0.411572
0.905985,-0.423309
0.898729,-0.438505
0.889769,-0.456411
0.879476,-0.475943
0.868422,-0.495826
0.857276,-0.514857
0.846659,-0.532136
0.837037,-0.547146
0.828706,-0.559684
0.821816,-0.569753
0.816419,-0.57746
0.812503,-0.582957
0.810019,-0.586403
0.8089,-0.587947
0.809064,-0.587721
0.810426,-0.58584
0.8129,-0.582404
0.816395,-0.577493
0.820825,-0.57118
0.826101,-0.563522
0.832137,-0.55457
0.838846,-0.544368
0.846144,-0.532954
0.853946,-0.520362
0.862169,-0.506621
0.87073,-0.491761
0.879549,-0.475808
0.888546,-0.458787
0.897642,-0.440725
0.90676,-0.421646
0.915826,-0.401575
0.924765,-0.380539
0.933506,-0.358562
0.941979,-0.335671
0.950117,-0.311894
0.957853,-0.287258
0.965125,-0.26179
0.97187,-0.235519
0.978028,-0.208474
0.983541,-0.180684
0.988353,-0.152177
0.992408,-0.122986
0.995653,-0.09314
0.998034,-0.0626714
0.9995,-0.0316133
1,-4.55299e-07
0.999484,0.03213
0.997902,0.0647382
0.995208,0.0977807
0.991355,0.13121
0.986298,0.164972
0.979998,0.199008
0.972417,0.233251
0.963523,0.267626
0.953293,0.302048
0.941711,0.336422
0.928776,0.370642
0.914498,0.404591
0.898906,0.438142
0.88205,0.471156
0.864002,0.503488
0.844863,0.534983
0.824758,0.565486
0.803842,0.594842
0.782301,0.622901
0.760342,0.649523
0.738199,0.674583
0.71612,0.697977
0.694363,0.719625
0.673188,0.739471
0.652848,0.757489
0.633581,0.773676
0.615603,0.788056
0.599102,0.800673
0.584231,0.811587
0.571114,0.820871
0.559837,0.828603
0.550456,0.834864
0.542995,0.839736
0.537455,0.843292
0.533811,0.845604
0.532024,0.84673
0.532036,0.846722
0.533782,0.845622
0.537187,0.843463
0.542173,0.840267
0.548658,0.836047
0.556558,0.830809
0.56579,0.82455
0.576271,0.817259
0.587922,0.808918
0.600663,0.799502
0.614418,0.788981
0.629112,0.777314
0.644674,0.764457
0.661033,0.750357
0.678118,0.734953
0.695862,0.718175
0.714196,0.699946
0.733049,0.680176
0.75235,0.658764
0.772022,0.635596
0.791983,0.610543
0.812142,0.58346
0.832396,0.554182
0.852623,0.522527
0.872678,0.488296
0.892384,0.451278
0.911515,0.411266
0.929793,0.368082
0.946867,0.321624
0.962316,0.271933
0.975664,0.219273
0.98643,0.164184
0.994209,0.10746
0.998748,0.0500195
0.999974,-0.00727524
0.997965,-0.0637589
0.992894,-0.119006
0.984958,-0.172797
0.974346,-0.225057
0.961215,-0.275798
0.945689,-0.325074
0.927851,-0.372952
0.907756,-0.419498
0.885433,-0.464768
0.860886,-0.508798
0.834105,-0.551606
0.805064,-0.593188
0.773729,-0.633517
0.740059,-0.672542
0.704012,-0.710188
0.66555,-0.746353
0.624641,-0.780912
0.581265,-0.813714
0.535422,-0.844584
0.487137,-0.873326
0.436462,-0.899723
0.383492,-0.923544
0.32836,-0.944553
0.271251,-0.962509
0.2124,-0.977183
0.152098,-0.988365
0.0906894,-0.995879
0.0285692,-0.999592
-0.0338229,-0.999428
-0.0960117,-0.99538
-0.157499,-0.987519
-0.217777,-0.975998
-0.276347,-0.961058
-0.332731,-0.943022
-0.386492,-0.922293
-0.437246,-0.899342
-0.484672,-0.874696
-0.528524,-0.848918
-0.568629,-0.822594
-0.604887,-0.796311
-0.63727,-0.77064
-0.665807,-0.746124
-0.690574,-0.723262
-0.711679,-0.702505
-0.729249,-0.684248
-0.743414,-0.668832
-0.754287,-0.656545
-0.761957,-0.647628
-0.766469,-0.642282
-0.767812,-0.640676
-0.765905,-0.642954
-0.76058,-0.649245
-0.751563,-0.659661
-0.738459,-0.674299
-0.720737,-0.693209
-0.697751,-0.71634
-0.668849,-0.743398
-0.633676,-0.773599
-0.592777,-0.805366
-0.548167,-0.836369
-0.502988,-0.864294
-0.460169,-0.887831
-0.421464,-0.906845
-0.387532,-0.921856
-0.358416,-0.933562
-0.33391,-0.942605
-0.313739,-0.949509
-0.297637,-0.954679
-0.285371,-0.958417
-0.276747,-0.960943
-0.271604,-0.962409
-0.269811,-0.962913
-0.271259,-0.962507
-0.275852,-0.9612
-0.283507,-0.95897
-0.294141,-0.955762
-0.30767,-0.951493
-0.324002,-0.946056
-0.343031,-0.939324
-0.364635,-0.931151
-0.388669,-0.921378
-0.414963,-0.909838
-0.44332,-0.896363
-0.473513,-0.880787
-0.505286,-0.862952
-0.538353,-0.84272
-0.572403,-0.819973
-0.607102,-0.794624
-0.642098,-0.766623
-0.677028,-0.735957
-0.711522,-0.702664
-0.745214,-0.666825
-0.777745,-0.62858
-0.808776,-0.588117
-0.837991,-0.545684
-0.86511,-0.501582
-0.889895,-0.456165
-0.912157,-0.409842
-0.931765,-0.363062
-0.948654,-0.316316
-0.962827,-0.270119
-0.974358,-0.225002
-0.983393,-0.18149
-0.990139,-0.140089
-0.994859,-0.101266
-0.997857,-0.0654312
-0.999458,-0.0329309
-0.999992,-0.00403544
-0.999778,0.0210609
-0.999108,0.0422366
-0.998232,0.0594349
-0.997357,0.0726532
-0.996638,0.0819308
-0.996179,0.087336
-0.996036,0.0889546
-0.996219,0.0868794
-0.996698,0.0812012
-0.997404,0.0720019
-0.998237,0.0593484
-0.999063,0.0432874
-0.999716,0.023842
-0.999999,0.00100695
-0.999681,-0.025255
-0.998485,-0.0550174
-0.996086,-0.0883948
-0.992088,-0.125547
-0.986011,-0.166682
-0.977259,-0.212051
-0.965087,-0.261929
-0.948579,-0.316539
-0.926665,-0.375887
-0.898297,-0.439389
-0.862919,-0.505343
-0.821153,-0.570708
-0.774942,-0.632032
-0.72665,-0.687007
-0.678063,-0.735004
-0.630152,-0.776471
-0.583324,-0.812239
-0.537682,-0.843148
-0.493189,-0.869922
-0.449747,-0.893156
-0.40724,-0.913321
-0.365546,-0.930793
-0.324545,-0.94587
-0.284125,-0.958787
-0.244178,-0.96973
-0.204604,-0.978845
-0.165308,-0.986242
-0.126203,-0.992004
-0.0872062,-0.99619
-0.0482462,-0.998835
-0.00925963,-0.999957
0.0298038,-0.999556
0.0689785,-0.997618
0.108279,-0.994121
0.147694,-0.989033
0.187185,-0.982325
0.226681,-0.973969
0.266076,-0.963952
0.30523,-0.952279
0.343977,-0.938978
0.382127,-0.92411
0.41948,-0.907764
0.455843,-0.89006
0.491033,-0.871141
0.5249,-0.851164
0.557324,-0.830295
0.588228,-0.808695
0.61757,-0.786516
0.645347,-0.76389
0.671582,-0.74093
0.696323,-0.717728
0.719633,-0.694354
0.741585,-0.670859
0.762257,-0.647275
0.781727,-0.623621
0.800072,-0.599904
0.817366,-0.576119
0.833675,-0.552255
0.849062,-0.528293
0.863583,-0.504207
0.877287,-0.479967
0.890216,-0.455538
0.902409,-0.430881
0.913895,-0.405952
0.924699,-0.380699
0.93484,-0.35507
0.944329,-0.329003
0.953171,-0.302432
0.961364,-0.275281
0.968896,-0.247467
0.975747,-0.2189
0.981885,-0.189478
0.987264,-0.159091
0.991823,-0.127623
0.995482,-0.0949533
0.99814,-0.0609675
0.999673,-0.0255734
0.999936,0.011271
0.998774,0.0495124
0.996037,0.0889434
0.991626,0.129141
0.98554,0.169444
0.977915,0.209005
0.96903,0.246943
0.959263,0.282515
0.949018,0.315221
0.938669,0.344819
0.928531,0.371255
0.918854,0.394598
0.909834,0.414973
0.901623,0.432523
0.894342,0.447383
0.888087,0.459675
0.882935,0.469496
0.878946,0.476921
0.876171,0.482
0.874646,0.484763
0.874394,0.485217
0.875426,0.483353
0.877738,0.47914
0.881311,0.472536
0.886105,0.463485
0.89206,0.451918
0.899092,0.43776
0.907092,0.420932
0.915924,0.401352
0.92542,0.378944
0.935382,0.35364
0.945581,0.325386
0.95576,0.294149
0.96563,0.259921
0.974881,0.222725
0.983183,0.182623
0.990192,0.139717
0.995558,0.0941521
0.998936,0.0461217
0.999991,-0.00413597
0.998412,-0.0563391
0.993913,-0.110166
0.98625,-0.165262
0.975218,-0.221245
0.960663,-0.277718
0.942476,-0.334275
0.920598,-0.390511
0.895016,-0.446034
0.865754,-0.50047
0.832871,-0.553468
0.796447,-0.604709
0.756579,-0.653902
0.713368,-0.70079
0.66691,-0.745139
0.617285,-0.78674
0.564552,-0.825397
0.508738,-0.860922
0.449828,-0.893115
0.387762,-0.921759
0.322428,-0.946594
0.253652,-0.967296
0.181205,-0.983445
0.104814,-0.994492
0.0242063,-0.999707
-0.0607626,-0.998152
-0.149844,-0.98871
-0.241922,-0.970296
-0.334538,-0.942382
-0.424123,-0.905605
-0.507334,-0.861749
-0.582318,-0.812961
-0.648751,-0.761
-0.707161,-0.707053
-0.758346,-0.651852
-0.803098,-0.595847
-0.842103,-0.539317
-0.875924,-0.482448
-0.905017,-0.425375
-0.929747,-0.368199
-0.950406,-0.311012
-0.967231,-0.253898
-0.980415,-0.196942
-0.990118,-0.140234
-0.996477,-0.083867
-0.999609,-0.027944
-0.999624,0.0274261
-0.996622,0.0821272
-0.990704,0.136037
-0.981972,0.189029
-0.970532,0.240972
-0.956499,0.291737
-0.939993,0.341194
-0.921146,0.389218
-0.900097,0.43569
-0.876995,0.480499
-0.851997,0.523546
-0.825267,0.564743
-0.796973,0.604015
-0.767286,0.641305
-0.736381,0.676568
-0.704429,0.709775
-0.6716,0.740914
-0.638062,0.769985
-0.603972,0.797006
-0.569484,0.822003
-0.534741,0.845016
-0.499876,0.866097
-0.465014,0.885303
-0.430268,0.902701
-0.395738,0.918364
-0.361514,0.932367
-0.327676,0.94479
-0.294291,0.955716
-0.261417,0.965226
-0.229101,0.973403
-0.197381,0.980327
-0.166285,0.986078
-0.135833,0.990732
-0.106039,0.994362
-0.0769085,0.997038
-0.0484413,0.998826
-0.0206317,0.999787
0.00653074,0.999979
0.0330608,0.999453
0.0589768,0.998259
0.0842999,0.99644
0.109054,0.994036
0.133265,0.99108
0.15696,0.987605
0.180168,0.983636
0.202918,0.979196
0.22524,0.974303
0.247163,0.968974
0.268719,0.963219
0.289935,0.957046
0.310842,0.950462
0.331467,0.943467
0.351838,0.936061
0.371981,0.928241
0.39192,0.919999
0.41168,0.911329
0.431282,0.902217
0.450748,0.892651
0.470095,0.882616
0.489341,0.872093
0.508501,0.861062
0.527587,0.849501
0.546612,0.837386
0.565582,0.824692
0.584505,0.81139
0.603384,0.797451
0.62222,0.782843
0.641011,0.767532
0.659751,0.751484
0.678434,0.734661
0.697046,0.717026
0.715574,0.698537
0.733996,0.679154
0.75229,0.658832
0.770428,0.637527
0.788375,0.615195
0.806094,0.591787
0.823541,0.567257
0.840664,0.541557
0.857407,0.514638
0.873706,0.486454
0.889488,0.456959
0.904673,0.426106
0.919173,0.393854
0.932889,0.360164
0.945714,0.325
0.95753,0.288333
0.96821,0.250141
0.977613,0.210409
0.985593,0.169135
0.991989,0.126327
0.996632,0.0820067
0.999344,0.0362136
0.99994,-0.0109949
0.998226,-0.0595404
0.994006,-0.109322
0.987083,-0.160212
0.977257,-0.212057
0.964337,-0.264676
0.94814,-0.317854
0.928493,-0.371351
0.905244,-0.424891
0.878265,-0.478174
0.847455,-0.530867
0.812747,-0.582616
0.774115,-0.633045
0.731577,-0.681759
0.685199,-0.728356
0.635101,-0.772429
0.581458,-0.813577
0.524503,-0.851408
0.464528,-0.885558
0.401881,-0.915692
0.336965,-0.941517
0.270235,-0.962794
0.202189,-0.979347
0.133364,-0.991067
0.0643258,-0.997929
-0.00434342,-0.999991
-0.0720562,-0.997401
-0.138234,-0.9904
-0.20232,-0.979319
-0.263797,-0.964578
-0.322199,-0.946672
-0.377124,-0.926163
-0.428245,-0.903663
-0.475315,-0.879816
-0.518172,-0.855276
-0.556734,-0.830691
-0.590995,-0.806675
-0.621012,-0.783801
-0.646892,-0.762581
-0.668779,-0.743461
-0.686832,-0.726816
-0.701214,-0.712951
-0.712074,-0.702105
-0.719535,-0.694457
-0.72368,-0.690136
-0.724543,-0.689229
-0.722096,-0.691792
-0.716237,-0.697857
-0.706777,-0.707437
-0.693419,-0.720534
-0.675744,-0.737137
-0.653174,-0.757208
-0.624962,-0.780655
-0.590194,-0.807262
-0.547926,-0.836527
-0.497619,-0.867396
-0.44007,-0.897964
-0.378325,-0.925673
-0.316935,-0.948447
-0.259661,-0.9657
-0.208285,-0.978068
-0.163139,-0.986603
-0.123917,-0.992293
-0.090143,-0.995929
-0.0613523,-0.998116
-0.0371529,-0.99931
-0.0172327,-0.999852
-0.00135278,-0.999999
0.0106636,-0.999943
0.0189421,-0.999821
0.0235669,-0.999722
0.02459,-0.999698
0.0220392,-0.999757
0.0159265,-0.999873
0.00625666,-0.99998
-0.00696408,-0.999976
-0.0237181,-0.999719
-0.043966,-0.999033
-0.067636,-0.99771
-0.0946127,-0.995514
-0.124727,-0.992191
-0.157748,-0.987479
-0.193376,-0.981125
-0.231241,-0.972897
-0.2709,-0.962607
-0.311853,-0.95013
-0.353544,-0.935418
-0.395384,-0.918516
-0.43677,-0.899573
-0.477108,-0.878844
-0.515837,-0.856687
-0.55245,-0.833546
-0.586517,-0.809937
-0.617698,-0.786415
-0.64575,-0.763549
-0.670525,-0.741887
-0.691963,-0.721933
-0.710076,-0.704125
-0.72493,-0.688823
-0.736626,-0.6763
-0.745281,-0.66675
-0.751009,-0.660291
-0.75391,-0.656977
-0.754056,-0.656811
-0.751483,-0.659752
-0.746188,-0.665735
-0.738118,-0.674672
-0.727166,-0.686461
-0.713165,-0.700996
-0.695876,-0.718162
-0.674972,-0.737843
-0.650025,-0.759913
-0.620474,-0.784227
-0.585596,-0.810603
-0.544471,-0.83878
-0.495986,-0.868331
-0.438958,-0.898508
-0.372635,-0.927978
-0.29789,-0.9546
-0.218513,-0.975834
-0.14023,-0.990119
-0.0674923,-0.99772
-0.00204052,-0.999998
0.0561471,-0.998423
0.107736,-0.99418
0.153489,-0.98815
0.194088,-0.980984
0.23009,-0.973169
0.261937,-0.965085
0.289976,-0.957034
0.314471,-0.949267
0.335624,-0.941996
0.35358,-0.935404
0.368443,-0.92965
0.38028,-0.924871
0.389131,-0.921183
0.395012,-0.918676
0.397931,-0.917415
0.397894,-0.917432
0.394917,-0.918717
0.389044,-0.921219
0.380364,-0.924837
0.369026,-0.929419
0.355257,-0.934769
0.339372,-0.940652
0.321775,-0.946816
0.302951,-0.953006
0.283444,-0.958989
0.263824,-0.964571
0.244657,-0.96961
0.226467,-0.974019
0.209715,-0.977762
0.194782,-0.980847
0.181964,-0.983305
0.171476,-0.985188
0.163467,-0.986549
0.158024,-0.987435
0.155195,-0.987884
0.154997,-0.987915
0.157427,-0.987531
0.162477,-0.986712
0.170136,-0.985421
0.180401,-0.983593
0.19328,-0.981144
0.208797,-0.977959
0.226998,-0.973895
0.247954,-0.968772
0.271765,-0.962364
0.298566,-0.954389
0.328531,-0.944493
0.361871,-0.932228
0.398835,-0.917023
0.439676,-0.898157
0.484572,-0.874751
0.533433,-0.845842
0.585489,-0.81068
0.638746,-0.769418
0.689949,-0.723858
0.735851,-0.677143
0.77477,-0.632244
0.806699,-0.590963
0.832475,-0.554063
0.8531,-0.521748
0.869466,-0.493992
0.882292,-0.470702
0.892129,-0.45178
0.899388,-0.437151
0.904364,-0.426763
0.907254,-0.420583
0.908174,-0.418594
0.907162,-0.420782
0.904191,-0.427128
0.899171,-0.437597
0.891955,-0.452124
0.882345,-0.470603
0.8701,-0.492875
0.854945,-0.518718
0.836586,-0.547836
0.814723,-0.579851
0.789067,-0.614307
0.759362,-0.650668
0.725399,-0.688328
0.687034,-0.726625
0.644202,-0.764855
0.596926,-0.802296
0.545322,-0.838227
0.4896,-0.871947
0.430059,-0.902801
0.367081,-0.930189
0.301118,-0.953587
0.232682,-0.972553
0.162329,-0.986737
0.0906465,-0.995883
0.0182375,-0.999834
-0.0542933,-0.998525
-0.126353,-0.991985
-0.197372,-0.980329
-0.266817,-0.963747
-0.3342,-0.942502
-0.399084,-0.916914
-0.461094,-0.887351
-0.519916,-0.854217
-0.575301,-0.817941
-0.627067,-0.778965
-0.675095,-0.737731
-0.719323,-0.694676
-0.759748,-0.650217
-0.796415,-0.604751
-0.829408,-0.558643
-0.85885,-0.512227
-0.88489,-0.4658
-0.907699,-0.419623
-0.92746,-0.373921
-0.944369,-0.328886
-0.958624,-0.284677
-0.970421,-0.241421
-0.979955,-0.199221
-0.987414,-0.158155
-0.99298,-0.118282
-0.996824,-0.0796417
-0.999107,-0.0422605
-0.999981,-0.00615203
-0.999589,0.02868
-0.998061,0.0622398
-0.995521,0.0945376
-0.992082,0.125589
-0.98785,0.155412
-0.982921,0.184029
-0.977386,0.211462
-0.97133,0.237737
-0.964829,0.262877
-0.957958,0.286909
-0.950783,0.309858
-0.943368,0.331747
-0.935773,0.352603
-0.928054,0.372447
-0.920262,0.391303
-0.912448,0.409193
-0.904658,0.426138
-0.896937,0.442159
-0.889326,0.457275
-0.881864,0.471504
-0.87459,0.484864
-0.867538,0.497371
-0.860741,0.509043
-0.854231,0.519893
-0.848037,0.529937
-0.842186,0.539187
-0.836704,0.547656
-0.831613,0.555355
-0.826936,0.562297
-0.822691,0.568489
-0.818895,0.573943
-0.815565,0.578666
-0.812713,0.582665
-0.810349,0.585947
-0.808484,0.588518
-0.807123,0.590383
-0.806271,0.591546
-0.805931,0.592009
-0.806103,0.591775
-0.806785,0.590845
-0.807974,0.589219
-0.809662,0.586897
-0.811842,0.583876
-0.814505,0.580156
-0.817638,0.575732
-0.821227,0.570601
-0.825257,0.564757
-0.82971,0.558194
-0.834567,0.550906
-0.839808,0.542884
-0.845408,0.534121
-0.851346,0.524605
-0.857594,0.514328
-0.864125,0.503277
-0.870911,0.49144
-0.877922,0.478803
-0.885126,0.465352
-0.892488,0.451071
-0.899974,0.435943
-0.907548,0.419949
-0.915169,0.403071
-0.922797,0.385287
-0.930389,0.366575
-0.937898,0.346911
-0.945276,0.326271
-0.952471,0.304628
-0.959428,0.281954
-0.966086,0.258219
-0.972382,0.233393
-0.978247,0.207445
-0.983604,0.180341
-0.988373,0.152048
-0.992464,0.122534
-0.995781,0.091767
-0.998215,0.0597158
-0.999653,0.026353
-0.999965,-0.00834486
-0.999014,-0.0443951
-0.996648,-0.0818071
-0.992704,-0.120579
-0.987004,-0.160696
-0.97936,-0.202124
-0.969571,-0.244812
-0.957426,-0.288679
-0.942708,-0.333619
-0.925196,-0.379489
-0.90467,-0.426113
-0.880918,-0.473269
-0.85374,-0.520699
-0.822962,-0.568097
-0.788436,-0.615117
-0.750057,-0.661373
-0.707768,-0.706445
-0.661566,-0.749887
-0.611513,-0.791235
-0.557738,-0.830017
-0.500443,-0.86577
-0.439899,-0.898047
-0.37645,-0.926437
-0.310503,-0.950572
-0.242522,-0.970146
-0.173018,-0.984919
-0.10254,-0.994729
-0.0316558,-0.999499
0.0390596,-0.999237
0.10904,-0.994037
0.177742,-0.984077
0.244663,-0.969608
0.30935,-0.950948
0.371412,-0.928468
0.430524,-0.902579
0.486439,-0.873715
0.538979,-0.842319
0.588039,-0.808832
0.633581,-0.773676
0.675626,-0.737245
0.714242,-0.699899
0.74954,-0.661959
0.78166,-0.623705
0.810765,-0.585372
0.837029,-0.547158
0.860634,-0.509224
0.881761,-0.471696
0.900589,-0.434673
0.917287,-0.398227
0.932018,-0.362411
0.944934,-0.327262
0.956174,-0.292799
0.965868,-0.259034
0.974134,-0.22597
0.98108,-0.193601
0.986804,-0.161919
0.991394,-0.13091
0.994931,-0.100558
0.997487,-0.0708467
0.999128,-0.0417565
0.999912,-0.0132682
0.999893,0.0146378
0.999118,0.0419815
0.997632,0.0687823
0.995472,0.0950596
0.992673,0.120832
0.989267,0.146118
0.985283,0.170934
0.980744,0.195297
0.975675,0.219222
0.970096,0.242723
0.964025,0.265811
0.957481,0.288497
0.950479,0.310788
0.943037,0.332687
0.935172,0.354193
0.926902,0.375303
0.918249,0.396003
0.909238,0.416276
0.899901,0.436095
0.890274,0.455425
0.880404,0.474224
0.870347,0.49244
0.860166,0.510015
0.849935,0.526888
0.839733,0.542999
0.829646,0.55829
0.819759,0.572709
0.810156,0.586214
0.800918,0.598774
0.792117,0.61037
0.783819,0.620989
0.776083,0.630631
0.768958,0.639299
0.76249,0.647
0.756714,0.653746
0.751665,0.659545
0.747371,0.664407
0.743857,0.668339
0.741146,0.671344
0.739258,0.673423
0.73821,0.674571
0.738019,0.674779
0.738699,0.674036
0.74026,0.672321
0.742711,0.669612
0.746058,0.665881
0.750302,0.661095
0.755441,0.655216
0.76147,0.6482
0.768374,0.640001
0.776136,0.630565
0.78473,0.619838
0.794122,0.607758
0.80427,0.594264
0.815121,0.57929
0.826614,0.56277
0.838673,0.544636
0.851213,0.524821
0.864135,0.50326
0.877327,0.479892
0.890666,0.454659
0.904011,0.42751
0.917212,0.398401
0.930104,0.367297
0.94251,0.334177
0.954245,0.299027
0.965109,0.26185
0.974896,0.222662
0.983392,0.181494
0.990378,0.138392
0.995627,0.0934178
0.998911,0.0466485
0.999998,-0.00182498
0.998652,-0.0518974
0.994635,-0.103451
0.987701,-0.156355
0.977601,-0.210468
0.964073,-0.265637
0.946843,-0.321695
0.925617,-0.37846
0.900077,-0.435731
0.869872,-0.493277
0.834622,-0.550823
0.793915,-0.608028
0.747329,-0.664454
0.69448,-0.719512
0.635119,-0.772414
0.569294,-0.822134
0.497547,-0.867437
0.421034,-0.907045
0.341398,-0.939919
0.260415,-0.965497
0.179615,-0.983737
0.100099,-0.994977
0.0225687,-0.999745
-0.0525602,-0.998618
-0.125044,-0.992151
-0.19473,-0.980857
-0.26151,-0.965201
-0.325291,-0.945614
-0.385987,-0.922504
-0.443512,-0.896268
-0.497784,-0.867301
-0.548727,-0.836002
-0.596278,-0.802778
-0.640392,-0.768048
-0.681048,-0.732239
-0.718252,-0.695783
-0.752042,-0.659115
-0.782486,-0.622669
-0.809686,-0.586864
-0.833772,-0.552109
-0.854902,-0.518789
-0.873253,-0.487268
-0.889015,-0.457878
-0.902388,-0.430924
-0.91357,-0.406681
-0.922751,-0.385396
-0.930106,-0.36729
-0.935789,-0.352559
-0.939925,-0.34138
-0.942606,-0.333907
-0.943886,-0.330272
-0.94378,-0.330573
-0.94227,-0.334853
-0.939313,-0.34306
-0.934873,-0.354982
-0.928964,-0.370169
-0.921714,-0.38787
-0.913407,-0.407048
-0.904477,-0.426522
-0.89543,-0.445202
-0.886738,-0.462272
-0.878766,-0.477252
-0.871756,-0.489939
-0.865842,-0.500318
-0.861078,-0.508473
-0.857469,-0.514535
-0.854988,-0.518648
-0.853587,-0.52095
-0.85321,-0.521568
-0.853792,-0.520615
-0.855266,-0.518189
-0.857566,-0.514375
-0.860622,-0.509245
-0.864367,-0.502861
-0.868735,-0.495277
-0.873658,-0.486541
-0.879071,-0.476691
-0.88491,-0.465763
-0.89111,-0.453787
-0.897609,-0.440793
-0.904345,-0.426803
-0.911256,-0.41184
-0.918283,-0.395925
-0.925366,-0.379075
-0.932446,-0.361309
-0.939466,-0.342643
-0.946368,-0.323091
-0.953096,-0.302668
-0.959594,-0.281388
-0.965806,-0.259265
-0.971678,-0.23631
-0.977153,-0.212536
-0.982177,-0.187958
-0.986694,-0.162587
-0.990649,-0.136437
-0.993984,-0.109525
-0.996643,-0.0818659
-0.998569,-0.0534798
-0.999703,-0.0243889
-0.999986,0.00537997
-0.999359,0.035795
-0.997765,0.0668176
-0.995147,0.0984013
-0.99145,0.13049
-0.986623,0.163016
-0.980624,0.195901
-0.973415,0.229048
-0.964973,0.262348
-0.955289,0.295675
-0.944371,0.328882
-0.932252,0.36181
-0.91899,0.394282
-0.904673,0.426106
-0.889424,0.457083
-0.873397,0.48701
-0.85678,0.515682
-0.839793,0.542907
-0.822679,0.568506
-0.805702,0.592321
-0.789132,0.614224
-0.773237,0.634117
-0.758276,0.651934
-0.744481,0.667643
-0.73206,0.68124
-0.721182,0.692745
-0.71198,0.7022
-0.704546,0.709658
-0.698938,0.715182
-0.695177,0.718839
-0.693255,0.720692
-0.693141,0.720802
-0.69478,0.719223
-0.698103,0.715998
-0.703028,0.711163
-0.709464,0.704741
-0.717316,0.696748
-0.726483,0.687184
-0.736861,0.676044
-0.748348,0.663307
-0.760837,0.648943
-0.774225,0.63291
-0.788405,0.615156
-0.803271,0.595613
-0.818714,0.574202
-0.834621,0.550825
-0.850873,0.525371
-0.867347,0.497705
-0.883902,0.467671
-0.900387,0.435089
-0.916625,0.399747
-0.932409,0.361406
-0.947487,0.319795
-0.961551,0.274627
-0.974215,0.225624
-0.984997,0.172572
-0.993315,0.115438
-0.998512,0.0545304
-0.999957,-0.00932398
-0.997202,-0.0747586
-0.990133,-0.140127
-0.978981,-0.203954
-0.964179,-0.265252
-0.946209,-0.323557
-0.925487,-0.378779
-0.902336,-0.431033
-0.876985,-0.480518
-0.849585,-0.527452
-0.820229,-0.572035
-0.788965,-0.614438
-0.755807,-0.654794
-0.720744,-0.693202
-0.683745,-0.729721
-0.644767,-0.764379
-0.603761,-0.797166
-0.56067,-0.82804
-0.515441,-0.856925
-0.468028,-0.883714
-0.418397,-0.908264
-0.366532,-0.930405
-0.312445,-0.949936
-0.256181,-0.966629
-0.197825,-0.980237
-0.137512,-0.9905
-0.0754321,-0.997151
-0.0118333,-0.99993
0.052973,-0.998596
0.118614,-0.99294
0.184661,-0.982802
0.250633,-0.968082
0.316012,-0.948755
0.380256,-0.924881
0.442813,-0.896614
0.503146,-0.864201
0.560744,-0.827989
0.615147,-0.788413
0.665958,-0.745989
0.712861,-0.701305
0.755629,-0.655
0.794132,-0.607745
0.828338,-0.560229
0.85831,-0.513131
0.884201,-0.467107
0.906238,-0.422767
0.924713,-0.380664
0.93996,-0.341284
0.95234,-0.305038
0.962224,-0.27226
0.969973,-0.243212
0.975929,-0.21809
0.980397,-0.19703
0.983645,-0.18012
0.985887,-0.167414
0.987288,-0.15894
0.987959,-0.154713
0.987954,-0.154747
0.987268,-0.159063
0.985838,-0.167702
0.983532,-0.180732
0.98015,-0.198256
0.975406,-0.220417
0.968913,-0.247403
0.960166,-0.279429
0.948528,-0.316692
0.933239,-0.359257
0.913519,-0.406797
0.888857,-0.458185
0.859481,-0.511168
0.82664,-0.562731
0.792189,-0.610276
0.757781,-0.652509
0.724471,-0.689306
0.692779,-0.72115
0.662909,-0.7487
0.634902,-0.772593
0.608728,-0.793379
0.58433,-0.811516
0.561648,-0.827377
0.540626,-0.841263
0.521218,-0.853424
0.503388,-0.864061
0.487112,-0.87334
0.472375,-0.881398
0.459172,-0.888347
0.447507,-0.89428
0.437389,-0.899272
0.428832,-0.903384
0.421853,-0.906664
0.416464,-0.909152
0.412673,-0.910879
0.410472,-0.911873
0.409832,-0.912161
0.410695,-0.911773
0.41296,-0.910749
0.416474,-0.909148
0.421028,-0.907048
0.426348,-0.904559
0.432103,-0.901824
0.437915,-0.899017
0.443378,-0.896335
0.448085,-0.893991
0.451654,-0.892193
0.453747,-0.891131
0.454084,-0.890959
0.452449,-0.89179
0.44868,-0.893693
0.442664,-0.896687
0.434325,-0.900756
0.423607,-0.905846
0.410464,-0.911877
0.394852,-0.918745
0.376715,-0.926329
0.355985,-0.934492
0.332568,-0.943079
0.306343,-0.951921
0.27715,-0.960827
0.244785,-0.969577
0.208988,-0.977918
0.169429,-0.985542
0.125697,-0.992069
0.0772769,-0.99701
0.0235444,-0.999723
-0.0362103,-0.999344
-0.102652,-0.994717
-0.175988,-0.984392
-0.25502,-0.966936
-0.336018,-0.941856
-0.41337,-0.910563
-0.482671,-0.875801
-0.542491,-0.840061
-0.593404,-0.804904
-0.636631,-0.771169
-0.673383,-0.739294
-0.704679,-0.709526
-0.73133,-0.682024
-0.753974,-0.656904
-0.77311,-0.634272
-0.789127,-0.61423
-0.802328,-0.596883
-0.812945,-0.58234
-0.821151,-0.570711
-0.827064,-0.562107
-0.830759,-0.556632
-0.832266,-0.554376
-0.831579,-0.555406
-0.828659,-0.559753
-0.823442,-0.567401
-0.815845,-0.57827
-0.805785,-0.592209
-0.793186,-0.60898
-0.778005,-0.628259
-0.760245,-0.649637
-0.739975,-0.672634
-0.717342,-0.696721
-0.692575,-0.721346
-0.665984,-0.745966
-0.63795,-0.770078
-0.608904,-0.793244
-0.579312,-0.815106
-0.549646,-0.835397
-0.520368,-0.853942
-0.491909,-0.870647
-0.46466,-0.885489
-0.438962,-0.898506
-0.415102,-0.909775
-0.393316,-0.919403
-0.37379,-0.927513
-0.356666,-0.934232
-0.342051,-0.939681
-0.330018,-0.943975
-0.32062,-0.947208
-0.313892,-0.949459
-0.309859,-0.950782
-0.308544,-0.95121
-0.309969,-0.950747
-0.314162,-0.949369
-0.321163,-0.947024
-0.331027,-0.943621
-0.343828,-0.939033
-0.359664,-0.933082
-0.378665,-0.925534
-0.400989,-0.916083
-0.426827,-0.904334
-0.456392,-0.889779
-0.489886,-0.871786
-0.527413,-0.849609
-0.568778,-0.822491
-0.613124,-0.789987
-0.65851,-0.752572
-0.702031,-0.712147
-0.74094,-0.671571
-0.773823,-0.633401
-0.800623,-0.599168
-0.821976,-0.569522
-0.838674,-0.544633
-0.851431,-0.524467
-0.860814,-0.50892
-0.867247,-0.497878
-0.871026,-0.491238
-0.872339,-0.488902
-0.871283,-0.49078
-0.867878,-0.496777
-0.862074,-0.506782
-0.853765,-0.520659
-0.842795,-0.538235
-0.828972,-0.55929
-0.812079,-0.583548
-0.791885,-0.61067
-0.768166,-0.64025
-0.740716,-0.671818
-0.709366,-0.70484
-0.674002,-0.738729
-0.634577,-0.77286
-0.591122,-0.806582
-0.543755,-0.839244
-0.492683,-0.870209
-0.4382,-0.898878
-0.380677,-0.924708
-0.320554,-0.94723
-0.258325,-0.966058
-0.19452,-0.980899
-0.129686,-0.991555
-0.0643708,-0.997926
0.000894029,-1
0.06561,-0.997845
0.129323,-0.991603
0.19163,-0.981467
0.252191,-0.967677
0.310724,-0.9505
0.367008,-0.930218
0.42088,-0.907116
0.472231,-0.881475
0.520995,-0.85356
0.567146,-0.823617
0.610692,-0.791868
0.651662,-0.758509
0.690106,-0.723709
0.726083,-0.687607
0.759663,-0.650317
0.790914,-0.611927
0.819906,-0.572499
0.8467,-0.532071
0.871352,-0.490659
0.893904,-0.448258
0.914387,-0.40484
0.932813,-0.360361
0.949172,-0.314759
0.963431,-0.267956
0.97553,-0.219868
0.985372,-0.170416
0.99283,-0.119538
0.997738,-0.0672283
0.999908,-0.0135819
0.999153,0.0411443
0.995336,0.0964699
0.988431,0.151673
0.978581,0.205864
0.966107,0.258143
0.951456,0.307785
0.935119,0.354335
0.917554,0.397611
0.899155,0.437631
0.880239,0.474531
0.861057,0.508509
0.841808,0.539777
0.822653,0.568544
0.803722,0.595006
0.785126,0.619336
0.766964,0.64169
0.749322,0.662206
0.732282,0.681001
0.715921,0.698181
0.700314,0.713835
0.685536,0.728039
0.67166,0.74086
0.658762,0.752352
0.646918,0.76256
0.636206,0.771519
0.626706,0.779256
0.618499,0.785786
0.611668,0.791115
0.606296,0.795239
0.602465,0.798145
0.600257,0.799807
0.599751,0.800187
0.601018,0.799235
0.604124,0.796891
0.609121,0.793077
0.61605,0.787707
0.62493,0.780681
0.635759,0.771888
0.648508,0.761208
0.663115,0.748518
0.679486,0.733689
0.697487,0.716597
0.716948,0.697127
0.737659,0.675174
0.759374,0.650654
0.781817,0.623507
0.804684,0.593703
0.827653,0.56124
0.850391,0.526152
0.872561,0.488505
0.893834,0.448399
0.91389,0.405961
0.932432,0.361346
0.949181,0.314732
0.963886,0.266314
0.976326,0.216302
0.986307,0.164919
0.993664,0.112396
0.99826,0.0589685
0.999988,0.00487955
0.998768,-0.0496267
0.994546,-0.104304
0.987294,-0.158904
0.977013,-0.213179
0.963729,-0.266883
0.947494,-0.319772
0.928391,-0.371605
0.906527,-0.422147
0.882042,-0.471171
0.855101,-0.518461
0.825902,-0.563814
0.794668,-0.607044
0.761652,-0.647987
0.72713,-0.6865
0.691402,-0.72247
0.654788,-0.755813
0.61762,-0.786477
0.580242,-0.814444
0.543003,-0.839731
0.506248,-0.862388
0.470317,-0.882498
0.435535,-0.900172
0.402213,-0.915546
0.370637,-0.928778
0.341073,-0.940037
0.313758,-0.949503
0.288906,-0.957358
0.266705,-0.963778
0.247323,-0.968933
0.230909,-0.972975
0.217596,-0.976039
0.207512,-0.978232
0.20078,-0.979636
0.19753,-0.980297
0.197901,-0.980222
0.202055,-0.979374
0.210181,-0.977663
0.222505,-0.974932
0.239296,-0.970947
0.260866,-0.965375
0.287541,-0.957768
0.319594,-0.947555
0.357052,-0.934085
0.399316,-0.916813
0.444641,-0.895709
0.489993,-0.871726
0.531997,-0.846746
0.568351,-0.822786
0.598263,-0.8013
0.621927,-0.783075
0.639902,-0.768456
0.652781,-0.757547
0.661065,-0.750329
0.665133,-0.746725
0.665252,-0.746619
0.661592,-0.749864
0.654243,-0.756285
0.643236,-0.765668
0.62856,-0.777761
0.610174,-0.792267
0.588025,-0.808842
0.562066,-0.827093
0.532263,-0.846579
0.49862,-0.866821
0.461181,-0.887306
0.420049,-0.907501
0.375386,-0.926869
0.327421,-0.944879
0.276447,-0.961029
0.222821,-0.974859
0.166947,-0.985966
0.109276,-0.994011
0.0502805,-0.998735
-0.00954962,-0.999954
-0.0697286,-0.997566
-0.129786,-0.991542
-0.18928,-0.981923
-0.247807,-0.968809
-0.305009,-0.95235
-0.360576,-0.93273
-0.414251,-0.910163
-0.465828,-0.884875
-0.51515,-0.8571
-0.562102,-0.827068
-0.60661,-0.795
-0.648633,-0.761101
-0.688158,-0.725561
-0.725191,-0.688548
-0.759758,-0.650206
-0.791892,-0.610661
-0.821637,-0.570011
-0.849034,-0.528338
-0.874127,-0.485698
-0.896952,-0.442129
-0.917537,-0.39765
-0.935901,-0.352263
-0.952046,-0.305955
-0.965958,-0.2587
-0.977601,-0.210466
-0.986918,-0.16122
-0.993827,-0.110944
-0.998219,-0.0596479
-0.999973,-0.00740498
-0.998959,0.0456176
-0.995076,0.0991164
-0.988284,0.152626
-0.97865,0.205533
-0.966374,0.257141
-0.951777,0.306791
-0.935258,0.353967
-0.917234,0.398349
-0.898091,0.439811
-0.878159,0.478369
-0.857709,0.514136
-0.836956,0.54727
-0.816073,0.577949
-0.795197,0.606351
-0.77444,0.632647
-0.753898,0.656992
-0.733651,0.679527
-0.71377,0.70038
-0.694323,0.719664
-0.675369,0.73748
-0.656967,0.753919
-0.639175,0.769061
-0.62205,0.782978
-0.605649,0.795732
-0.590031,0.807381
-0.575255,0.817974
-0.561384,0.827555
-0.548482,0.836162
-0.536616,0.843826
-0.525856,0.850574
-0.516273,0.856424
-0.507941,0.861392
-0.500939,0.865483
-0.495342,0.868698
-0.491231,0.87103
-0.488683,0.872461
-0.487777,0.872968
-0.488584,0.872517
-0.491173,0.871062
-0.495603,0.868549
-0.501922,0.864913
-0.510161,0.860079
-0.520336,0.853962
-0.532437,0.84647
-0.54643,0.837505
-0.562249,0.826968
-0.579798,0.81476
-0.598948,0.800788
-0.619536,0.784968
-0.641368,0.767233
-0.664222,0.747536
-0.687854,0.725849
-0.712005,0.702175
-0.736406,0.676539
-0.76079,0.648998
-0.784895,0.619629
-0.808471,0.588536
-0.831291,0.555838
-0.853147,0.521671
-0.873858,0.486182
-0.893269,0.449523
-0.911252,0.411849
-0.927704,0.373315
-0.942547,0.334075
-0.955721,0.294274
-0.96719,0.254055
-0.976932,0.213552
-0.98494,0.172895
-0.991223,0.132203
-0.995797,0.0915929
-0.99869,0.0511719
-0.999939,0.0110432
-0.999588,-0.0286956
-0.997689,-0.0679514
-0.994298,-0.106636
-0.989481,-0.144664
-0.983307,-0.181955
-0.975852,-0.218431
-0.967199,-0.25402
-0.957434,-0.288652
-0.946651,-0.322261
-0.934948,-0.354785
-0.922429,-0.386167
-0.909202,-0.416355
-0.895381,-0.445302
-0.881081,-0.472965
-0.866425,-0.499308
-0.851534,-0.524299
-0.836536,-0.547913
-0.821555,-0.570129
-0.806722,-0.590931
-0.792163,-0.610309
-0.778008,-0.628255
-0.764381,-0.644765
-0.751409,-0.659836
-0.739216,-0.673468
-0.727923,-0.685659
-0.717651,-0.696403
-0.708516,-0.705695
-0.700637,-0.713518
-0.694128,-0.719852
-0.689105,-0.724662
-0.685684,-0.7279
-0.683981,-0.7295
-0.684116,-0.729374
-0.686207,-0.727406
-0.690375,-0.723451
-0.696737,-0.717327
-0.705394,-0.708816
-0.716416,-0.697673
-0.729806,-0.683654
-0.745435,-0.666579
-0.762949,-0.646459
-0.78167,-0.623692
-0.800575,-0.599233
-0.818459,-0.574565
-0.834265,-0.551364
-0.847344,-0.531045
-0.857472,-0.514531
-0.864702,-0.502286
-0.869201,-0.494459
-0.871147,-0.491023
-0.870675,-0.491858
-0.867867,-0.496797
-0.862742,-0.505645
-0.855269,-0.518185
-0.845371,-0.534179
-0.83294,-0.553364
-0.81784,-0.575446
-0.799925,-0.6001
-0.779046,-0.626967
-0.755064,-0.655651
-0.727859,-0.685727
-0.697337,-0.716743
-0.663445,-0.748225
-0.626167,-0.779689
-0.585537,-0.810646
-0.541632,-0.840616
-0.494574,-0.869135
-0.444528,-0.895765
-0.391687,-0.920098
-0.336276,-0.941764
-0.278532,-0.960427
-0.218704,-0.975791
-0.157039,-0.987592
-0.0937781,-0.995593
-0.0291478,-0.999575
0.0366403,-0.999329
0.103393,-0.994641
0.170931,-0.985283
0.239086,-0.970998
0.307681,-0.951489
0.376513,-0.926411
0.445306,-0.895378
0.51365,-0.858
0.580912,-0.813967
0.646137,-0.763222
0.708026,-0.706187
0.765091,-0.643923
0.816018,-0.578026
0.860034,-0.510236
0.897002,-0.442027
0.927256,-0.374428
0.951367,-0.308061
0.96996,-0.243266
0.983628,-0.180208
0.992899,-0.118959
0.998226,-0.0595391
0.999998,-0.00194584
0.99855,0.0538333
0.994171,0.107813
0.987116,0.160007
0.977609,0.210428
0.965855,0.259083
0.952038,0.305981
0.936328,0.351127
0.918885,0.394525
0.899859,0.436181
0.879391,0.4761
0.857616,0.514291
0.834662,0.550762
0.810653,0.585526
0.785707,0.618599
0.759934,0.65
0.733444,0.67975
0.706337,0.707876
0.67871,0.734407
0.650654,0.759374
0.622255,0.782815
0.593592,0.804766
0.564739,0.82527
0.535763,0.844368
0.506727,0.862107
0.477686,0.87853
0.448692,0.893687
0.419787,0.907623
0.391012,0.920386
0.3624,0.932023
0.33398,0.94258
0.305776,0.952104
0.277806,0.960637
0.250087,0.968223
0.222629,0.974903
0.195439,0.980716
0.168522,0.985698
0.141879,0.989884
0.115509,0.993306
0.0894066,0.995995
0.0635667,0.997978
0.0379809,0.999278
0.0126397,0.99992
-0.0124678,0.999922
-0.0373539,0.999302
-0.0620314,0.998074
-0.0865142,0.996251
-0.110816,0.993841
-0.134953,0.990852
-0.158937,0.987289
-0.182786,0.983153
-0.206512,0.978444
-0.23013,0.97316
-0.253655,0.967295
-0.277099,0.960841
-0.300475,0.95379
-0.323795,0.946127
-0.34707,0.937839
-0.37031,0.928908
-0.393523,0.919315
-0.416717,0.909036
-0.439897,0.898048
-0.463067,0.886323
-0.48623,0.873831
-0.509385,0.860539
-0.53253,0.846411
-0.555661,0.831409
-0.578769,0.815491
-0.601844,0.798614
-0.624869,0.78073
-0.647826,0.761788
-0.670692,0.741736
-0.693436,0.720518
-0.716025,0.698075
-0.738416,0.674346
-0.760559,0.649268
-0.782399,0.622777
-0.803868,0.594808
-0.82489,0.565293
-0.845377,0.53417
-0.86523,0.501375
-0.884337,0.466849
-0.902572,0.430538
-0.919795,0.392398
-0.935852,0.352392
-0.950574,0.310498
-0.963777,0.266708
-0.975266,0.221035
-0.984832,0.173513
-0.992257,0.124203
-0.997318,0.0731952
-0.999788,0.0206132
-0.999443,-0.0333847
-0.996067,-0.0886028
-0.98946,-0.144806
-0.979443,-0.201723
-0.965866,-0.259042
-0.948619,-0.316422
-0.927635,-0.373489
-0.9029,-0.42985
-0.874459,-0.4851
-0.842414,-0.538831
-0.806932,-0.590644
-0.768239,-0.640164
-0.726612,-0.687048
-0.682375,-0.731003
-0.635884,-0.771785
-0.587512,-0.809215
-0.537637,-0.843176
-0.486623,-0.873612
-0.434809,-0.900523
-0.382495,-0.923958
-0.329939,-0.944002
-0.277348,-0.96077
-0.224881,-0.974386
-0.172648,-0.984984
-0.120716,-0.992687
-0.0691114,-0.997609
-0.0178294,-0.999841
0.0331641,-0.99945
0.0839262,-0.996472
0.134533,-0.990909
0.185077,-0.982724
0.235664,-0.971835
0.286409,-0.958107
0.337439,-0.941347
0.388887,-0.921285
0.440887,-0.897563
0.493565,-0.869709
0.547015,-0.837123
0.601252,-0.799059
0.65611,-0.754665
0.711046,-0.703146
0.764856,-0.644201
0.815494,-0.578765
0.860511,-0.509432
0.898176,-0.439635
0.92818,-0.372131
0.951269,-0.308362
0.968558,-0.248788
0.981126,-0.19337
0.989883,-0.141887
0.995565,-0.0940736
0.998765,-0.0496824
0.999964,-0.00849967
0.99956,0.02965
0.997891,0.0649061
0.995248,0.0973756
0.991885,0.127138
0.988033,0.154246
0.983898,0.178733
0.979671,0.200612
0.975527,0.219878
0.971628,0.236516
0.968118,0.250493
0.965129,0.261774
0.962772,0.270316
0.961136,0.276077
0.960285,0.279023
0.960252,0.279134
0.961039,0.276412
0.962609,0.270893
0.964891,0.262651
0.967777,0.251807
0.971134,0.238536
0.974804,0.223062
0.978625,0.205655
0.982432,0.186623
0.986076,0.166297
0.98943,0.145013
0.992394,0.123102
0.9949,0.100869
0.996907,0.0785916
0.998402,0.0565058
0.999394,0.0348078
0.999907,0.0136533
0.999977,-0.00683985
0.999647,-0.0265868
0.998963,-0.045531
0.997973,-0.0636392
0.996722,-0.0808966
0.995255,-0.0973023
0.99361,-0.112866
0.991825,-0.127603
0.989933,-0.141536
0.987963,-0.154689
0.985943,-0.167085
0.983895,-0.178749
0.981841,-0.189704
0.979802,-0.199972
0.977794,-0.20957
0.975834,-0.218515
0.973937,-0.226819
0.972118,-0.23449
0.970392,-0.241534
0.968772,-0.247953
0.967272,-0.253743
0.965904,-0.258899
0.964684,-0.263408
0.963625,-0.267256
0.962742,-0.270423
0.962047,-0.272882
0.961557,-0.274604
0.961286,-0.275552
0.961249,-0.275683
0.961459,-0.27495
0.96193,-0.273294
0.962677,-0.270654
0.963708,-0.266959
0.965032,-0.26213
0.966654,-0.256085
0.968571,-0.248736
0.970773,-0.24
0.973237,-0.229802
0.975927,-0.218097
0.978785,-0.20489
0.981732,-0.19027
0.984666,-0.174452
0.987468,-0.157818
0.99002,-0.140925
0.992223,-0.124472
0.994018,-0.109221
0.995393,-0.095879
0.996379,-0.0850226
0.997026,-0.0770602
0.997387,-0.072246
0.997497,-0.0707145
0.997367,-0.0725187
0.99698,-0.0776604
0.996286,-0.0861101
0.995204,-0.0978194
0.993626,-0.112727
0.991414,-0.130758
0.988407,-0.15183
0.984419,-0.175841
0.979246,-0.202676
0.972668,-0.232198
0.964454,-0.26425
0.954363,-0.298648
0.942153,-0.335184
0.927581,-0.373622
0.910412,-0.413702
0.890421,-0.455137
0.867395,-0.49762
0.841138,-0.540821
0.81147,-0.584393
0.778231,-0.627978
0.741276,-0.6712
0.700474,-0.713678
0.655709,-0.755014
0.60687,-0.794801
0.553856,-0.832612
0.496569,-0.867997
0.434922,-0.900468
0.368854,-0.929487
0.298353,-0.954456
0.223519,-0.9747
0.14465,-0.989483
0.0623686,-0.998053
-0.0222638,-0.999752
-0.107733,-0.99418
-0.192255,-0.981345
-0.27412,-0.961695
-0.352011,-0.935996
-0.425114,-0.90514
-0.493052,-0.87
-0.555743,-0.831354
-0.613275,-0.78987
-0.665813,-0.746119
-0.713557,-0.700597
-0.756717,-0.653743
-0.795499,-0.605955
-0.830108,-0.557603
-0.860748,-0.509032
-0.887623,-0.46057
-0.910944,-0.412529
-0.930928,-0.365204
-0.947797,-0.318873
-0.961788,-0.273796
-0.97314,-0.230214
-0.982103,-0.188344
-0.98893,-0.148381
-0.993876,-0.110497
-0.997196,-0.0748398
-0.999137,-0.0415342
-0.999943,-0.0106825
-0.999845,0.0176335
-0.99906,0.0433497
-0.997792,0.066418
-0.996226,0.0868028
-0.994527,0.104478
-0.992843,0.119426
-0.991299,0.131631
-0.989998,0.141083
-0.989022,0.147771
-0.988428,0.151688
-0.988252,0.15283
-0.988502,0.151206
-0.98916,0.146841
-0.99018,0.1398
-0.991487,0.130203
-0.992984,0.118249
-0.994553,0.104235
-0.99607,0.088567
-0.997424,0.0717309
-0.998527,0.0542524
-0.999329,0.036633
-0.999814,0.0192972
-0.999997,0.00256363
-0.999911,-0.0133579
-0.999598,-0.0283499
-0.999102,-0.0423652
-0.998464,-0.0554039
-0.99772,-0.0674962
-0.996899,-0.078689
-0.996028,-0.0890372
-0.995127,-0.098598
-0.994213,-0.107428
-0.993298,-0.115579
-0.992394,-0.1231
-0.991509,-0.130036
-0.99065,-0.136425
-0.989823,-0.142301
-0.989033,-0.147693
-0.988284,-0.152624
-0.98758,-0.157116
-0.986924,-0.161183
-0.986321,-0.164837
-0.985773,-0.168084
-0.985284,-0.170928
-0.984857,-0.173367
-0.984497,-0.175399
-0.984208,-0.177014
-0.983994,-0.178201
-0.983859,-0.178946
-0.983807,-0.17923
-0.983843,-0.179035
-0.98397,-0.178336
-0.984191,-0.177112
-0.984508,-0.175339
-0.984923,-0.172995
-0.985433,-0.170062
-0.986037,-0.166529
-0.986726,-0.162394
-0.987492,-0.157671
-0.98832,-0.152393
-0.989193,-0.14662
-0.990089,-0.140442
-0.990982,-0.133991
-0.991846,-0.12744
-0.992652,-0.121006
-0.993371,-0.114949
-0.99398,-0.109564
-0.994454,-0.105168
-0.994776,-0.102084
-0.994925,-0.10062
-0.994881,-0.101053
-0.994617,-0.103615
-0.994098,-0.108484
-0.993274,-0.115784
-0.992083,-0.125585
-0.990444,-0.137915
-0.988263,-0.152765
-0.985427,-0.170097
-0.981811,-0.189861
-0.977271,-0.211994
-0.971649,-0.23643
-0.964767,-0.263106
-0.956429,-0.291964
-0.946415,-0.322953
-0.934474,-0.356033
-0.920317,-0.391174
-0.903609,-0.428358
-0.883951,-0.467579
-0.860863,-0.508838
-0.833752,-0.552139
-0.801885,-0.597479
-0.764343,-0.64481
-0.719992,-0.693982
-0.667524,-0.744588
-0.605716,-0.795681
-0.534234,-0.845336
-0.454947,-0.890519
-0.372238,-0.928137
-0.290838,-0.956772
-0.213573,-0.976927
-0.14132,-0.989964
-0.0739517,-0.997262
-0.0109954,-0.99994
0.0480765,-0.998844
0.103747,-0.994604
0.156431,-0.987689
0.206479,-0.978451
0.25418,-0.967157
